Region,EventCode,ProtocolCode,ProjectCode,ProjectName,AgencyCode,StationCode,StationName,SampleDate,CollectionTime,CollectionMethodCode,Protocol,Method,Group,Class,NameMetric,Code,Result,Unit,SD,Count_Calc
9,BA,SWAMP_2016_WS,R9_NS_Ambient_FY1819,RWB9 Ambient Surface Water Monitoring FY18/19,RWQCB9,204R00711,Horsethief Canyon ~0.8mi above Pine Valley Cr.,4/23/2019,9:00,Habitat_SWAMP,SWAMP,FieldObservations,Algae Cvr,Base,Mean Microalgae Thickness,XMIAT,0.1,mm,0.13,98
9,BA,SWAMP_2016_WS,RWB9_NPS_2017,RWB9 Nonperennial Stream Study 2017,RWQCB9,204R00711,Horsethief Canyon ~0.8mi above Pine Valley Cr.,3/28/2017,9:00,Habitat_SWAMP,SWAMP,FieldObservations,Algae Cvr,Base,Mean Microalgae Thickness,XMIAT,0.2,mm,0.15,55
9,BA,SWAMP_2016_WS,R9_NS_Ambient_FY1819,RWB9 Ambient Surface Water Monitoring FY18/19,RWQCB9,204R00711,Horsethief Canyon ~0.8mi above Pine Valley Cr.,4/23/2019,9:00,Habitat_SWAMP,SWAMP,FieldObservations,Algae Cvr,Base,Mean Microalgae Thickness where Microalgae Present,XMIATP,0.3,mm,0,46
9,BA,SWAMP_2016_WS,RWB9_NPS_2017,RWB9 Nonperennial Stream Study 2017,RWQCB9,204R00711,Horsethief Canyon ~0.8mi above Pine Valley Cr.,3/28/2017,9:00,Habitat_SWAMP,SWAMP,FieldObservations,Algae Cvr,Base,Mean Microalgae Thickness where Microalgae Present,XMIATP,0.3,mm,0.08,40
9,BA,SWAMP_2016_WS,R9_NS_Ambient_FY1819,RWB9 Ambient Surface Water Monitoring FY18/19,RWQCB9,204R00711,Horsethief Canyon ~0.8mi above Pine Valley Cr.,4/23/2019,9:00,Habitat_SWAMP,SWAMP,FieldObservations,Algae Cvr,Base,Percent Presence of Attached Macroalgae,PCT_MAA,44,%,,98
9,BA,SWAMP_2016_WS,RWB9_NPS_2017,RWB9 Nonperennial Stream Study 2017,RWQCB9,204R00711,Horsethief Canyon ~0.8mi above Pine Valley Cr.,3/28/2017,9:00,Habitat_SWAMP,SWAMP,FieldObservations,Algae Cvr,Base,Percent Presence of Attached Macroalgae,PCT_MAA,22,%,,55
9,BA,SWAMP_2016_WS,R9_NS_Ambient_FY1819,RWB9 Ambient Surface Water Monitoring FY18/19,RWQCB9,204R00711,Horsethief Canyon ~0.8mi above Pine Valley Cr.,4/23/2019,9:00,Habitat_SWAMP,SWAMP,FieldObservations,Algae Cvr,Base,Percent Presence of Macroalgae,PCT_MAP,50,%,,98
9,BA,SWAMP_2016_WS,RWB9_NPS_2017,RWB9 Nonperennial Stream Study 2017,RWQCB9,204R00711,Horsethief Canyon ~0.8mi above Pine Valley Cr.,3/28/2017,9:00,Habitat_SWAMP,SWAMP,FieldObservations,Algae Cvr,Base,Percent Presence of Macroalgae,PCT_MAP,25,%,,55
9,BA,SWAMP_2016_WS,R9_NS_Ambient_FY1819,RWB9 Ambient Surface Water Monitoring FY18/19,RWQCB9,204R00711,Horsethief Canyon ~0.8mi above Pine Valley Cr.,4/23/2019,9:00,Habitat_SWAMP,SWAMP,FieldObservations,Algae Cvr,Base,Percent Presence of Macrophytes,PCT_MCP,14,%,,98
9,BA,SWAMP_2016_WS,RWB9_NPS_2017,RWB9 Nonperennial Stream Study 2017,RWQCB9,204R00711,Horsethief Canyon ~0.8mi above Pine Valley Cr.,3/28/2017,9:00,Habitat_SWAMP,SWAMP,FieldObservations,Algae Cvr,Base,Percent Presence of Macrophytes,PCT_MCP,15,%,,55
9,BA,SWAMP_2016_WS,R9_NS_Ambient_FY1819,RWB9 Ambient Surface Water Monitoring FY18/19,RWQCB9,204R00711,Horsethief Canyon ~0.8mi above Pine Valley Cr.,4/23/2019,9:00,Habitat_SWAMP,SWAMP,FieldObservations,Algae Cvr,Base,Percent Presence of Microalgae,PCT_MIATP,47,%,,98
9,BA,SWAMP_2016_WS,RWB9_NPS_2017,RWB9 Nonperennial Stream Study 2017,RWQCB9,204R00711,Horsethief Canyon ~0.8mi above Pine Valley Cr.,3/28/2017,9:00,Habitat_SWAMP,SWAMP,FieldObservations,Algae Cvr,Base,Percent Presence of Microalgae,PCT_MIATP,73,%,,55
9,BA,SWAMP_2016_WS,R9_NS_Ambient_FY1819,RWB9 Ambient Surface Water Monitoring FY18/19,RWQCB9,204R00711,Horsethief Canyon ~0.8mi above Pine Valley Cr.,4/23/2019,9:00,Habitat_SWAMP,SWAMP,FieldObservations,Algae Cvr,Base,Percent Presence of Nuisance Algae,PCT_NSA,47,%,,98
9,BA,SWAMP_2016_WS,RWB9_NPS_2017,RWB9 Nonperennial Stream Study 2017,RWQCB9,204R00711,Horsethief Canyon ~0.8mi above Pine Valley Cr.,3/28/2017,9:00,Habitat_SWAMP,SWAMP,FieldObservations,Algae Cvr,Base,Percent Presence of Nuisance Algae,PCT_NSA,22,%,,55
9,BA,SWAMP_2016_WS,R9_NS_Ambient_FY1819,RWB9 Ambient Surface Water Monitoring FY18/19,RWQCB9,204R00711,Horsethief Canyon ~0.8mi above Pine Valley Cr.,4/23/2019,9:00,Habitat_SWAMP,SWAMP,FieldObservations,Algae Cvr,Base,Percent Presence of Thick Microalgae,PCT_MIAT1,0,%,,98
9,BA,SWAMP_2016_WS,RWB9_NPS_2017,RWB9 Nonperennial Stream Study 2017,RWQCB9,204R00711,Horsethief Canyon ~0.8mi above Pine Valley Cr.,3/28/2017,9:00,Habitat_SWAMP,SWAMP,FieldObservations,Algae Cvr,Base,Percent Presence of Thick Microalgae,PCT_MIAT1,0,%,,55
9,BA,SWAMP_2016_WS,R9_NS_Ambient_FY1819,RWB9 Ambient Surface Water Monitoring FY18/19,RWQCB9,204R00711,Horsethief Canyon ~0.8mi above Pine Valley Cr.,4/23/2019,9:00,Habitat_SWAMP,SWAMP,FieldObservations,Algae Cvr,Base,Percent Presence of Thick Microalgae where Microalgae Present,PCT_MIAT1P,0,%,,46
9,BA,SWAMP_2016_WS,RWB9_NPS_2017,RWB9 Nonperennial Stream Study 2017,RWQCB9,204R00711,Horsethief Canyon ~0.8mi above Pine Valley Cr.,3/28/2017,9:00,Habitat_SWAMP,SWAMP,FieldObservations,Algae Cvr,Base,Percent Presence of Thick Microalgae where Microalgae Present,PCT_MIAT1P,0,%,,40
9,BA,SWAMP_2016_WS,R9_NS_Ambient_FY1819,RWB9 Ambient Surface Water Monitoring FY18/19,RWQCB9,204R00711,Horsethief Canyon ~0.8mi above Pine Valley Cr.,4/23/2019,9:00,Habitat_SWAMP,SWAMP,FieldObservations,Algae Cvr,Base,Percent Presence of Unattached Macroalgae,PCT_MAU,6,%,,98
9,BA,SWAMP_2016_WS,RWB9_NPS_2017,RWB9 Nonperennial Stream Study 2017,RWQCB9,204R00711,Horsethief Canyon ~0.8mi above Pine Valley Cr.,3/28/2017,9:00,Habitat_SWAMP,SWAMP,FieldObservations,Algae Cvr,Base,Percent Presence of Unattached Macroalgae,PCT_MAU,4,%,,55
9,BA,SWAMP_2016_WS,R9_NS_Ambient_FY1819,RWB9 Ambient Surface Water Monitoring FY18/19,RWQCB9,204R00711,Horsethief Canyon ~0.8mi above Pine Valley Cr.,4/23/2019,9:00,Habitat_SWAMP,SWAMP,FieldMeasure,Bank Morph,Base,Mean Bankfull Height,XBKF_H,0.5,m,0.11,11
9,BA,SWAMP_2016_WS,RWB9_NPS_2017,RWB9 Nonperennial Stream Study 2017,RWQCB9,204R00711,Horsethief Canyon ~0.8mi above Pine Valley Cr.,3/28/2017,9:00,Habitat_SWAMP,SWAMP,FieldMeasure,Bank Morph,Base,Mean Bankfull Height,XBKF_H,0.8,m,0.22,11
9,BA,SWAMP_2016_WS,R9_NS_Ambient_FY1819,RWB9 Ambient Surface Water Monitoring FY18/19,RWQCB9,204R00711,Horsethief Canyon ~0.8mi above Pine Valley Cr.,4/23/2019,9:00,Habitat_SWAMP,SWAMP,FieldMeasure,Bank Morph,Base,Mean Bankfull Width,XBKF_W,3.3,m,0.91,11
9,BA,SWAMP_2016_WS,RWB9_NPS_2017,RWB9 Nonperennial Stream Study 2017,RWQCB9,204R00711,Horsethief Canyon ~0.8mi above Pine Valley Cr.,3/28/2017,9:00,Habitat_SWAMP,SWAMP,FieldMeasure,Bank Morph,Base,Mean Bankfull Width,XBKF_W,6.7,m,1.25,11
9,BA,SWAMP_2016_WS,R9_NS_Ambient_FY1819,RWB9 Ambient Surface Water Monitoring FY18/19,RWQCB9,204R00711,Horsethief Canyon ~0.8mi above Pine Valley Cr.,4/23/2019,9:00,Habitat_SWAMP,SWAMP,FieldObservations,Bank Morph,Base,Percent Eroded Banks,PBM_E,0,%,,22
9,BA,SWAMP_2016_WS,RWB9_NPS_2017,RWB9 Nonperennial Stream Study 2017,RWQCB9,204R00711,Horsethief Canyon ~0.8mi above Pine Valley Cr.,3/28/2017,9:00,Habitat_SWAMP,SWAMP,FieldObservations,Bank Morph,Base,Percent Eroded Banks,PBM_E,0,%,,22
9,BA,SWAMP_2016_WS,R9_NS_Ambient_FY1819,RWB9 Ambient Surface Water Monitoring FY18/19,RWQCB9,204R00711,Horsethief Canyon ~0.8mi above Pine Valley Cr.,4/23/2019,9:00,Habitat_SWAMP,SWAMP,FieldObservations,Bank Morph,Base,Percent Stable Banks,PBM_S,100,%,,22
9,BA,SWAMP_2016_WS,RWB9_NPS_2017,RWB9 Nonperennial Stream Study 2017,RWQCB9,204R00711,Horsethief Canyon ~0.8mi above Pine Valley Cr.,3/28/2017,9:00,Habitat_SWAMP,SWAMP,FieldObservations,Bank Morph,Base,Percent Stable Banks,PBM_S,100,%,,22
9,BA,SWAMP_2016_WS,R9_NS_Ambient_FY1819,RWB9 Ambient Surface Water Monitoring FY18/19,RWQCB9,204R00711,Horsethief Canyon ~0.8mi above Pine Valley Cr.,4/23/2019,9:00,Habitat_SWAMP,SWAMP,FieldObservations,Bank Morph,Base,Percent Vulnerable Banks,PBM_V,0,%,,22
9,BA,SWAMP_2016_WS,RWB9_NPS_2017,RWB9 Nonperennial Stream Study 2017,RWQCB9,204R00711,Horsethief Canyon ~0.8mi above Pine Valley Cr.,3/28/2017,9:00,Habitat_SWAMP,SWAMP,FieldObservations,Bank Morph,Base,Percent Vulnerable Banks,PBM_V,0,%,,22
9,BA,SWAMP_2016_WS,R9_NS_Ambient_FY1819,RWB9 Ambient Surface Water Monitoring FY18/19,RWQCB9,204R00711,Horsethief Canyon ~0.8mi above Pine Valley Cr.,4/23/2019,9:00,Habitat_SWAMP,SWAMP,ObservedFieldMeasure,Chan Morph,Base,Evenness of Flow Habitat Types,Ev_FlowHab,0.74,none,,3
9,BA,SWAMP_2016_WS,RWB9_NPS_2017,RWB9 Nonperennial Stream Study 2017,RWQCB9,204R00711,Horsethief Canyon ~0.8mi above Pine Valley Cr.,3/28/2017,9:00,Habitat_SWAMP,SWAMP,ObservedFieldMeasure,Chan Morph,Base,Evenness of Flow Habitat Types,Ev_FlowHab,0.83,none,,4
9,BA,SWAMP_2016_WS,R9_NS_Ambient_FY1819,RWB9 Ambient Surface Water Monitoring FY18/19,RWQCB9,204R00711,Horsethief Canyon ~0.8mi above Pine Valley Cr.,4/23/2019,9:00,Habitat_SWAMP,SWAMP,FieldMeasure,Chan Morph,Base,Length of Sample Reach,REACHLEN,150,m,,1
9,BA,SWAMP_2016_WS,RWB9_NPS_2017,RWB9 Nonperennial Stream Study 2017,RWQCB9,204R00711,Horsethief Canyon ~0.8mi above Pine Valley Cr.,3/28/2017,9:00,Habitat_SWAMP,SWAMP,FieldMeasure,Chan Morph,Base,Length of Sample Reach,REACHLEN,150,m,,1
9,BA,SWAMP_2016_WS,R9_NS_Ambient_FY1819,RWB9 Ambient Surface Water Monitoring FY18/19,RWQCB9,204R00711,Horsethief Canyon ~0.8mi above Pine Valley Cr.,4/23/2019,9:00,Habitat_SWAMP,SWAMP,FieldMeasure,Chan Morph,Base,Mean Hydraulic Height,XHHT,0.5,m,0.12,55
9,BA,SWAMP_2016_WS,RWB9_NPS_2017,RWB9 Nonperennial Stream Study 2017,RWQCB9,204R00711,Horsethief Canyon ~0.8mi above Pine Valley Cr.,3/28/2017,9:00,Habitat_SWAMP,SWAMP,FieldMeasure,Chan Morph,Base,Mean Hydraulic Height,XHHT,0.9,m,0.22,55
9,BA,SWAMP_2016_WS,R9_NS_Ambient_FY1819,RWB9 Ambient Surface Water Monitoring FY18/19,RWQCB9,204R00711,Horsethief Canyon ~0.8mi above Pine Valley Cr.,4/23/2019,9:00,Habitat_SWAMP,SWAMP,combined methods,Chan Morph,Base,Mean of Deepest Depth within Transects,XWDM,11.8,cm,7,21
9,BA,SWAMP_2016_WS,RWB9_NPS_2017,RWB9 Nonperennial Stream Study 2017,RWQCB9,204R00711,Horsethief Canyon ~0.8mi above Pine Valley Cr.,3/28/2017,9:00,Habitat_SWAMP,SWAMP,combined methods,Chan Morph,Base,Mean of Deepest Depth within Transects,XWDM,17,cm,5.2,11
9,BA,SWAMP_2016_WS,R9_NS_Ambient_FY1819,RWB9 Ambient Surface Water Monitoring FY18/19,RWQCB9,204R00711,Horsethief Canyon ~0.8mi above Pine Valley Cr.,4/23/2019,9:00,Habitat_SWAMP,SWAMP,FieldMeasure,Chan Morph,Base,Mean Water Depth,XWDEPTH,5.7,cm,6.09,105
9,BA,SWAMP_2016_WS,RWB9_NPS_2017,RWB9 Nonperennial Stream Study 2017,RWQCB9,204R00711,Horsethief Canyon ~0.8mi above Pine Valley Cr.,3/28/2017,9:00,Habitat_SWAMP,SWAMP,FieldMeasure,Chan Morph,Base,Mean Water Depth,XWDEPTH,10.6,cm,6.33,55
9,BA,SWAMP_2016_WS,R9_NS_Ambient_FY1819,RWB9 Ambient Surface Water Monitoring FY18/19,RWQCB9,204R00711,Horsethief Canyon ~0.8mi above Pine Valley Cr.,4/23/2019,9:00,Habitat_SWAMP,SWAMP,FieldMeasure,Chan Morph,Base,Mean Width of Wetted Channel,XWIDTH,1.7,m,0.49,21
9,BA,SWAMP_2016_WS,RWB9_NPS_2017,RWB9 Nonperennial Stream Study 2017,RWQCB9,204R00711,Horsethief Canyon ~0.8mi above Pine Valley Cr.,3/28/2017,9:00,Habitat_SWAMP,SWAMP,FieldMeasure,Chan Morph,Base,Mean Width of Wetted Channel,XWIDTH,1.8,m,0.38,11
9,BA,SWAMP_2016_WS,R9_NS_Ambient_FY1819,RWB9 Ambient Surface Water Monitoring FY18/19,RWQCB9,204R00711,Horsethief Canyon ~0.8mi above Pine Valley Cr.,4/23/2019,9:00,Habitat_SWAMP,SWAMP,ObservedFieldMeasure,Chan Morph,Base,Percent Cascade/Falls of Reach,PCT_CF,4,%,4.7,10
9,BA,SWAMP_2016_WS,RWB9_NPS_2017,RWB9 Nonperennial Stream Study 2017,RWQCB9,204R00711,Horsethief Canyon ~0.8mi above Pine Valley Cr.,3/28/2017,9:00,Habitat_SWAMP,SWAMP,ObservedFieldMeasure,Chan Morph,Base,Percent Cascade/Falls of Reach,PCT_CF,0,%,0,10
9,BA,SWAMP_2016_WS,R9_NS_Ambient_FY1819,RWB9 Ambient Surface Water Monitoring FY18/19,RWQCB9,204R00711,Horsethief Canyon ~0.8mi above Pine Valley Cr.,4/23/2019,9:00,Habitat_SWAMP,SWAMP,ObservedFieldMeasure,Chan Morph,Base,Percent Cascade/Falls of Reach Wet Habitats,PCT_CF_WT,4,%,4.7,10
9,BA,SWAMP_2016_WS,RWB9_NPS_2017,RWB9 Nonperennial Stream Study 2017,RWQCB9,204R00711,Horsethief Canyon ~0.8mi above Pine Valley Cr.,3/28/2017,9:00,Habitat_SWAMP,SWAMP,ObservedFieldMeasure,Chan Morph,Base,Percent Cascade/Falls of Reach Wet Habitats,PCT_CF_WT,0,%,0,10
9,BA,SWAMP_2016_WS,R9_NS_Ambient_FY1819,RWB9 Ambient Surface Water Monitoring FY18/19,RWQCB9,204R00711,Horsethief Canyon ~0.8mi above Pine Valley Cr.,4/23/2019,9:00,Habitat_SWAMP,SWAMP,ObservedFieldMeasure,Chan Morph,Base,Percent Dry of Reach,PCT_DR,0,%,0,10
9,BA,SWAMP_2016_WS,RWB9_NPS_2017,RWB9 Nonperennial Stream Study 2017,RWQCB9,204R00711,Horsethief Canyon ~0.8mi above Pine Valley Cr.,3/28/2017,9:00,Habitat_SWAMP,SWAMP,ObservedFieldMeasure,Chan Morph,Base,Percent Dry of Reach,PCT_DR,0,%,0,10
9,BA,SWAMP_2016_WS,R9_NS_Ambient_FY1819,RWB9 Ambient Surface Water Monitoring FY18/19,RWQCB9,204R00711,Horsethief Canyon ~0.8mi above Pine Valley Cr.,4/23/2019,9:00,Habitat_SWAMP,SWAMP,ObservedFieldMeasure,Chan Morph,Base,Percent Glide of Reach,PCT_GL,52,%,28.3,10
9,BA,SWAMP_2016_WS,RWB9_NPS_2017,RWB9 Nonperennial Stream Study 2017,RWQCB9,204R00711,Horsethief Canyon ~0.8mi above Pine Valley Cr.,3/28/2017,9:00,Habitat_SWAMP,SWAMP,ObservedFieldMeasure,Chan Morph,Base,Percent Glide of Reach,PCT_GL,20,%,20.5,10
9,BA,SWAMP_2016_WS,R9_NS_Ambient_FY1819,RWB9 Ambient Surface Water Monitoring FY18/19,RWQCB9,204R00711,Horsethief Canyon ~0.8mi above Pine Valley Cr.,4/23/2019,9:00,Habitat_SWAMP,SWAMP,ObservedFieldMeasure,Chan Morph,Base,Percent Glide of Reach Wet Habitats,PCT_GL_WT,52,%,28.3,10
9,BA,SWAMP_2016_WS,RWB9_NPS_2017,RWB9 Nonperennial Stream Study 2017,RWQCB9,204R00711,Horsethief Canyon ~0.8mi above Pine Valley Cr.,3/28/2017,9:00,Habitat_SWAMP,SWAMP,ObservedFieldMeasure,Chan Morph,Base,Percent Glide of Reach Wet Habitats,PCT_GL_WT,20,%,20.5,10
9,BA,SWAMP_2016_WS,R9_NS_Ambient_FY1819,RWB9 Ambient Surface Water Monitoring FY18/19,RWQCB9,204R00711,Horsethief Canyon ~0.8mi above Pine Valley Cr.,4/23/2019,9:00,Habitat_SWAMP,SWAMP,ObservedFieldMeasure,Chan Morph,Base,Percent Pool of Reach,PCT_POOL,0,%,0,10
9,BA,SWAMP_2016_WS,RWB9_NPS_2017,RWB9 Nonperennial Stream Study 2017,RWQCB9,204R00711,Horsethief Canyon ~0.8mi above Pine Valley Cr.,3/28/2017,9:00,Habitat_SWAMP,SWAMP,ObservedFieldMeasure,Chan Morph,Base,Percent Pool of Reach,PCT_POOL,4,%,12.6,10
9,BA,SWAMP_2016_WS,R9_NS_Ambient_FY1819,RWB9 Ambient Surface Water Monitoring FY18/19,RWQCB9,204R00711,Horsethief Canyon ~0.8mi above Pine Valley Cr.,4/23/2019,9:00,Habitat_SWAMP,SWAMP,ObservedFieldMeasure,Chan Morph,Base,Percent Pool of Reach Wet Habitats,PCT_POOL_WT,0,%,0,10
9,BA,SWAMP_2016_WS,RWB9_NPS_2017,RWB9 Nonperennial Stream Study 2017,RWQCB9,204R00711,Horsethief Canyon ~0.8mi above Pine Valley Cr.,3/28/2017,9:00,Habitat_SWAMP,SWAMP,ObservedFieldMeasure,Chan Morph,Base,Percent Pool of Reach Wet Habitats,PCT_POOL_WT,4,%,12.6,10
9,BA,SWAMP_2016_WS,R9_NS_Ambient_FY1819,RWB9 Ambient Surface Water Monitoring FY18/19,RWQCB9,204R00711,Horsethief Canyon ~0.8mi above Pine Valley Cr.,4/23/2019,9:00,Habitat_SWAMP,SWAMP,ObservedFieldMeasure,Chan Morph,Base,Percent Rapid of Reach,PCT_RA,0,%,0,10
9,BA,SWAMP_2016_WS,RWB9_NPS_2017,RWB9 Nonperennial Stream Study 2017,RWQCB9,204R00711,Horsethief Canyon ~0.8mi above Pine Valley Cr.,3/28/2017,9:00,Habitat_SWAMP,SWAMP,ObservedFieldMeasure,Chan Morph,Base,Percent Rapid of Reach,PCT_RA,0,%,0,10
9,BA,SWAMP_2016_WS,R9_NS_Ambient_FY1819,RWB9 Ambient Surface Water Monitoring FY18/19,RWQCB9,204R00711,Horsethief Canyon ~0.8mi above Pine Valley Cr.,4/23/2019,9:00,Habitat_SWAMP,SWAMP,ObservedFieldMeasure,Chan Morph,Base,Percent Rapid of Reach Wet Habitats,PCT_RA_WT,0,%,0,10
9,BA,SWAMP_2016_WS,RWB9_NPS_2017,RWB9 Nonperennial Stream Study 2017,RWQCB9,204R00711,Horsethief Canyon ~0.8mi above Pine Valley Cr.,3/28/2017,9:00,Habitat_SWAMP,SWAMP,ObservedFieldMeasure,Chan Morph,Base,Percent Rapid of Reach Wet Habitats,PCT_RA_WT,0,%,0,10
9,BA,SWAMP_2016_WS,R9_NS_Ambient_FY1819,RWB9 Ambient Surface Water Monitoring FY18/19,RWQCB9,204R00711,Horsethief Canyon ~0.8mi above Pine Valley Cr.,4/23/2019,9:00,Habitat_SWAMP,SWAMP,ObservedFieldMeasure,Chan Morph,Base,Percent Riffle of Reach,PCT_RI,45,%,30.3,10
9,BA,SWAMP_2016_WS,RWB9_NPS_2017,RWB9 Nonperennial Stream Study 2017,RWQCB9,204R00711,Horsethief Canyon ~0.8mi above Pine Valley Cr.,3/28/2017,9:00,Habitat_SWAMP,SWAMP,ObservedFieldMeasure,Chan Morph,Base,Percent Riffle of Reach,PCT_RI,50,%,29.5,10
9,BA,SWAMP_2016_WS,R9_NS_Ambient_FY1819,RWB9 Ambient Surface Water Monitoring FY18/19,RWQCB9,204R00711,Horsethief Canyon ~0.8mi above Pine Valley Cr.,4/23/2019,9:00,Habitat_SWAMP,SWAMP,ObservedFieldMeasure,Chan Morph,Base,Percent Riffle of Reach Wet Habitats,PCT_RI_WT,45,%,30.3,10
9,BA,SWAMP_2016_WS,RWB9_NPS_2017,RWB9 Nonperennial Stream Study 2017,RWQCB9,204R00711,Horsethief Canyon ~0.8mi above Pine Valley Cr.,3/28/2017,9:00,Habitat_SWAMP,SWAMP,ObservedFieldMeasure,Chan Morph,Base,Percent Riffle of Reach Wet Habitats,PCT_RI_WT,50,%,29.5,10
9,BA,SWAMP_2016_WS,R9_NS_Ambient_FY1819,RWB9 Ambient Surface Water Monitoring FY18/19,RWQCB9,204R00711,Horsethief Canyon ~0.8mi above Pine Valley Cr.,4/23/2019,9:00,Habitat_SWAMP,SWAMP,ObservedFieldMeasure,Chan Morph,Base,Percent Run of Reach,PCT_RN,0,%,0,10
9,BA,SWAMP_2016_WS,RWB9_NPS_2017,RWB9 Nonperennial Stream Study 2017,RWQCB9,204R00711,Horsethief Canyon ~0.8mi above Pine Valley Cr.,3/28/2017,9:00,Habitat_SWAMP,SWAMP,ObservedFieldMeasure,Chan Morph,Base,Percent Run of Reach,PCT_RN,27,%,13.3,10
9,BA,SWAMP_2016_WS,R9_NS_Ambient_FY1819,RWB9 Ambient Surface Water Monitoring FY18/19,RWQCB9,204R00711,Horsethief Canyon ~0.8mi above Pine Valley Cr.,4/23/2019,9:00,Habitat_SWAMP,SWAMP,ObservedFieldMeasure,Chan Morph,Base,Percent Run of Reach Wet Habitats,PCT_RN_WT,0,%,0,10
9,BA,SWAMP_2016_WS,RWB9_NPS_2017,RWB9 Nonperennial Stream Study 2017,RWQCB9,204R00711,Horsethief Canyon ~0.8mi above Pine Valley Cr.,3/28/2017,9:00,Habitat_SWAMP,SWAMP,ObservedFieldMeasure,Chan Morph,Base,Percent Run of Reach Wet Habitats,PCT_RN_WT,27,%,13.3,10
9,BA,SWAMP_2016_WS,R9_NS_Ambient_FY1819,RWB9 Ambient Surface Water Monitoring FY18/19,RWQCB9,204R00711,Horsethief Canyon ~0.8mi above Pine Valley Cr.,4/23/2019,9:00,Habitat_SWAMP,SWAMP,ObservedFieldMeasure,Chan Morph,Base,Shannon Diversity (H) of Flow Habitat Types,H_FlowHab,0.82,none,,3
9,BA,SWAMP_2016_WS,RWB9_NPS_2017,RWB9 Nonperennial Stream Study 2017,RWQCB9,204R00711,Horsethief Canyon ~0.8mi above Pine Valley Cr.,3/28/2017,9:00,Habitat_SWAMP,SWAMP,ObservedFieldMeasure,Chan Morph,Base,Shannon Diversity (H) of Flow Habitat Types,H_FlowHab,1.15,none,,4
9,BA,SWAMP_2016_WS,R9_NS_Ambient_FY1819,RWB9 Ambient Surface Water Monitoring FY18/19,RWQCB9,204R00711,Horsethief Canyon ~0.8mi above Pine Valley Cr.,4/23/2019,9:00,Habitat_SWAMP,SWAMP,FieldMeasure,Chan Sinu and Slope,Base,Mean Direction of Reach Flow,XBEARING,171,none,64.1,10
9,BA,SWAMP_2016_WS,RWB9_NPS_2017,RWB9 Nonperennial Stream Study 2017,RWQCB9,204R00711,Horsethief Canyon ~0.8mi above Pine Valley Cr.,3/28/2017,9:00,Habitat_SWAMP,SWAMP,FieldMeasure,Chan Sinu and Slope,Base,Mean Direction of Reach Flow,XBEARING,188,none,25.9,10
9,BA,SWAMP_2016_WS,R9_NS_Ambient_FY1819,RWB9 Ambient Surface Water Monitoring FY18/19,RWQCB9,204R00711,Horsethief Canyon ~0.8mi above Pine Valley Cr.,4/23/2019,9:00,Habitat_SWAMP,SWAMP,FieldMeasure,Chan Sinu and Slope,Base,Mean Slope of Reach,XSLOPE,2.6,%,1.43,11
9,BA,SWAMP_2016_WS,RWB9_NPS_2017,RWB9 Nonperennial Stream Study 2017,RWQCB9,204R00711,Horsethief Canyon ~0.8mi above Pine Valley Cr.,3/28/2017,9:00,Habitat_SWAMP,SWAMP,FieldMeasure,Chan Sinu and Slope,Base,Mean Slope of Reach,XSLOPE,-2.5,%,1.38,11
9,BA,SWAMP_2016_WS,R9_NS_Ambient_FY1819,RWB9 Ambient Surface Water Monitoring FY18/19,RWQCB9,204R00711,Horsethief Canyon ~0.8mi above Pine Valley Cr.,4/23/2019,9:00,Habitat_SWAMP,SWAMP,FieldMeasure,Chan Sinu and Slope,Base,Percent 0% Slope,SLOPE_0,0,%,,11
9,BA,SWAMP_2016_WS,RWB9_NPS_2017,RWB9 Nonperennial Stream Study 2017,RWQCB9,204R00711,Horsethief Canyon ~0.8mi above Pine Valley Cr.,3/28/2017,9:00,Habitat_SWAMP,SWAMP,FieldMeasure,Chan Sinu and Slope,Base,Percent 0% Slope,SLOPE_0,100,%,,11
9,BA,SWAMP_2016_WS,R9_NS_Ambient_FY1819,RWB9 Ambient Surface Water Monitoring FY18/19,RWQCB9,204R00711,Horsethief Canyon ~0.8mi above Pine Valley Cr.,4/23/2019,9:00,Habitat_SWAMP,SWAMP,FieldMeasure,Chan Sinu and Slope,Base,Percent 0.5% Slope,SLOPE_0_5,10,%,,11
9,BA,SWAMP_2016_WS,RWB9_NPS_2017,RWB9 Nonperennial Stream Study 2017,RWQCB9,204R00711,Horsethief Canyon ~0.8mi above Pine Valley Cr.,3/28/2017,9:00,Habitat_SWAMP,SWAMP,FieldMeasure,Chan Sinu and Slope,Base,Percent 0.5% Slope,SLOPE_0_5,100,%,,11
9,BA,SWAMP_2016_WS,R9_NS_Ambient_FY1819,RWB9 Ambient Surface Water Monitoring FY18/19,RWQCB9,204R00711,Horsethief Canyon ~0.8mi above Pine Valley Cr.,4/23/2019,9:00,Habitat_SWAMP,SWAMP,FieldMeasure,Chan Sinu and Slope,Base,Percent 1% Slope,SLOPE_1,10,%,,11
9,BA,SWAMP_2016_WS,RWB9_NPS_2017,RWB9 Nonperennial Stream Study 2017,RWQCB9,204R00711,Horsethief Canyon ~0.8mi above Pine Valley Cr.,3/28/2017,9:00,Habitat_SWAMP,SWAMP,FieldMeasure,Chan Sinu and Slope,Base,Percent 1% Slope,SLOPE_1,100,%,,11
9,BA,SWAMP_2016_WS,R9_NS_Ambient_FY1819,RWB9 Ambient Surface Water Monitoring FY18/19,RWQCB9,204R00711,Horsethief Canyon ~0.8mi above Pine Valley Cr.,4/23/2019,9:00,Habitat_SWAMP,SWAMP,FieldMeasure,Chan Sinu and Slope,Base,Percent 2% Slope,SLOPE_2,30,%,,11
9,BA,SWAMP_2016_WS,RWB9_NPS_2017,RWB9 Nonperennial Stream Study 2017,RWQCB9,204R00711,Horsethief Canyon ~0.8mi above Pine Valley Cr.,3/28/2017,9:00,Habitat_SWAMP,SWAMP,FieldMeasure,Chan Sinu and Slope,Base,Percent 2% Slope,SLOPE_2,100,%,,11
9,BA,SWAMP_2016_WS,R9_NS_Ambient_FY1819,RWB9 Ambient Surface Water Monitoring FY18/19,RWQCB9,204R00711,Horsethief Canyon ~0.8mi above Pine Valley Cr.,4/23/2019,9:00,Habitat_SWAMP,SWAMP,FieldMeasure,Chan Sinu and Slope,Base,Sinuosity,SINU,1.43,none,,11
9,BA,SWAMP_2016_WS,RWB9_NPS_2017,RWB9 Nonperennial Stream Study 2017,RWQCB9,204R00711,Horsethief Canyon ~0.8mi above Pine Valley Cr.,3/28/2017,9:00,Habitat_SWAMP,SWAMP,FieldMeasure,Chan Sinu and Slope,Base,Sinuosity,SINU,1.12,none,,11
9,BA,SWAMP_2016_WS,R9_NS_Ambient_FY1819,RWB9 Ambient Surface Water Monitoring FY18/19,RWQCB9,204R00711,Horsethief Canyon ~0.8mi above Pine Valley Cr.,4/23/2019,9:00,Field,SWAMP,FieldMeasure,Field Measures,Base,Mean Water Alkalinity Total,XWAT,143,mg/L,,1
9,BA,SWAMP_2016_WS,RWB9_NPS_2017,RWB9 Nonperennial Stream Study 2017,RWQCB9,204R00711,Horsethief Canyon ~0.8mi above Pine Valley Cr.,3/28/2017,9:00,Field,SWAMP,FieldMeasure,Field Measures,Base,Mean Water Alkalinity Total,XWAT,147,mg/L,,1
9,BA,SWAMP_2016_WS,R9_NS_Ambient_FY1819,RWB9 Ambient Surface Water Monitoring FY18/19,RWQCB9,204R00711,Horsethief Canyon ~0.8mi above Pine Valley Cr.,4/23/2019,9:00,Field,SWAMP,FieldMeasure,Field Measures,Base,Mean Water Dissolved Oxygen,XWDO,9.18,mg/L,,1
9,BA,SWAMP_2016_WS,RWB9_NPS_2017,RWB9 Nonperennial Stream Study 2017,RWQCB9,204R00711,Horsethief Canyon ~0.8mi above Pine Valley Cr.,3/28/2017,9:00,Field,SWAMP,FieldMeasure,Field Measures,Base,Mean Water Dissolved Oxygen,XWDO,12.56,mg/L,,1
9,BA,SWAMP_2016_WS,R9_NS_Ambient_FY1819,RWB9 Ambient Surface Water Monitoring FY18/19,RWQCB9,204R00711,Horsethief Canyon ~0.8mi above Pine Valley Cr.,4/23/2019,9:00,Field,SWAMP,FieldMeasure,Field Measures,Base,Mean Water pH,XWPH,8.02,none,,1
9,BA,SWAMP_2016_WS,RWB9_NPS_2017,RWB9 Nonperennial Stream Study 2017,RWQCB9,204R00711,Horsethief Canyon ~0.8mi above Pine Valley Cr.,3/28/2017,9:00,Field,SWAMP,FieldMeasure,Field Measures,Base,Mean Water pH,XWPH,8.07,none,,1
9,BA,SWAMP_2016_WS,RWB9_NPS_2017,RWB9 Nonperennial Stream Study 2017,RWQCB9,204R00711,Horsethief Canyon ~0.8mi above Pine Valley Cr.,3/28/2017,9:00,Field,SWAMP,FieldMeasure,Field Measures,Base,Mean Water Salinity,XWSL,0.5,ppt,,1
9,BA,SWAMP_2016_WS,R9_NS_Ambient_FY1819,RWB9 Ambient Surface Water Monitoring FY18/19,RWQCB9,204R00711,Horsethief Canyon ~0.8mi above Pine Valley Cr.,4/23/2019,9:00,Field,SWAMP,FieldMeasure,Field Measures,Base,Mean Water Specific Conductivity,XWSC,1167,uS/cm,,1
9,BA,SWAMP_2016_WS,RWB9_NPS_2017,RWB9 Nonperennial Stream Study 2017,RWQCB9,204R00711,Horsethief Canyon ~0.8mi above Pine Valley Cr.,3/28/2017,9:00,Field,SWAMP,FieldMeasure,Field Measures,Base,Mean Water Specific Conductivity,XWSC,952,uS/cm,,1
9,BA,SWAMP_2016_WS,R9_NS_Ambient_FY1819,RWB9 Ambient Surface Water Monitoring FY18/19,RWQCB9,204R00711,Horsethief Canyon ~0.8mi above Pine Valley Cr.,4/23/2019,9:00,Field,SWAMP,FieldMeasure,Field Measures,Base,Mean Water Temperature (C),XWTC,17,deg C,5.82,2
9,BA,SWAMP_2016_WS,RWB9_NPS_2017,RWB9 Nonperennial Stream Study 2017,RWQCB9,204R00711,Horsethief Canyon ~0.8mi above Pine Valley Cr.,3/28/2017,9:00,Field,SWAMP,FieldMeasure,Field Measures,Base,Mean Water Temperature (C),XWTC,10.1,deg C,,1
9,BA,SWAMP_2016_WS,R9_NS_Ambient_FY1819,RWB9 Ambient Surface Water Monitoring FY18/19,RWQCB9,204R00711,Horsethief Canyon ~0.8mi above Pine Valley Cr.,4/23/2019,9:00,Field,SWAMP,FieldMeasure,Field Measures,Base,Mean Water Temperature (F),XWTF,62.6,deg F,10.48,2
9,BA,SWAMP_2016_WS,RWB9_NPS_2017,RWB9 Nonperennial Stream Study 2017,RWQCB9,204R00711,Horsethief Canyon ~0.8mi above Pine Valley Cr.,3/28/2017,9:00,Field,SWAMP,FieldMeasure,Field Measures,Base,Mean Water Temperature (F),XWTF,50.2,deg F,,1
9,BA,SWAMP_2016_WS,R9_NS_Ambient_FY1819,RWB9 Ambient Surface Water Monitoring FY18/19,RWQCB9,204R00711,Horsethief Canyon ~0.8mi above Pine Valley Cr.,4/23/2019,9:00,Field,SWAMP,FieldMeasure,Field Measures,Base,Mean Water Turbidity,XWTB,0.45,NTU,,1
9,BA,SWAMP_2016_WS,RWB9_NPS_2017,RWB9 Nonperennial Stream Study 2017,RWQCB9,204R00711,Horsethief Canyon ~0.8mi above Pine Valley Cr.,3/28/2017,9:00,Field,SWAMP,FieldMeasure,Field Measures,Base,Mean Water Turbidity,XWTB,0.78,NTU,,1
9,BA,SWAMP_2016_WS,R9_NS_Ambient_FY1819,RWB9 Ambient Surface Water Monitoring FY18/19,RWQCB9,204R00711,Horsethief Canyon ~0.8mi above Pine Valley Cr.,4/23/2019,9:00,Habitat_SWAMP,SWAMP,FieldObservations,Hab Cmplx and Cvr,Base,Aquatic Macrophytes/Emergent Vegetation cover present,CFC_AQM,11,count,,11
9,BA,SWAMP_2016_WS,RWB9_NPS_2017,RWB9 Nonperennial Stream Study 2017,RWQCB9,204R00711,Horsethief Canyon ~0.8mi above Pine Valley Cr.,3/28/2017,9:00,Habitat_SWAMP,SWAMP,FieldObservations,Hab Cmplx and Cvr,Base,Aquatic Macrophytes/Emergent Vegetation cover present,CFC_AQM,6,count,,11
9,BA,SWAMP_2016_WS,R9_NS_Ambient_FY1819,RWB9 Ambient Surface Water Monitoring FY18/19,RWQCB9,204R00711,Horsethief Canyon ~0.8mi above Pine Valley Cr.,4/23/2019,9:00,Habitat_SWAMP,SWAMP,FieldObservations,Hab Cmplx and Cvr,Base,Artificial Structures cover present,CFC_HUM,0,count,,11
9,BA,SWAMP_2016_WS,RWB9_NPS_2017,RWB9 Nonperennial Stream Study 2017,RWQCB9,204R00711,Horsethief Canyon ~0.8mi above Pine Valley Cr.,3/28/2017,9:00,Habitat_SWAMP,SWAMP,FieldObservations,Hab Cmplx and Cvr,Base,Artificial Structures cover present,CFC_HUM,0,count,,11
9,BA,SWAMP_2016_WS,R9_NS_Ambient_FY1819,RWB9 Ambient Surface Water Monitoring FY18/19,RWQCB9,204R00711,Horsethief Canyon ~0.8mi above Pine Valley Cr.,4/23/2019,9:00,Habitat_SWAMP,SWAMP,FieldObservations,Hab Cmplx and Cvr,Base,Boulders cover present,CFC_RCK,11,count,,11
9,BA,SWAMP_2016_WS,RWB9_NPS_2017,RWB9 Nonperennial Stream Study 2017,RWQCB9,204R00711,Horsethief Canyon ~0.8mi above Pine Valley Cr.,3/28/2017,9:00,Habitat_SWAMP,SWAMP,FieldObservations,Hab Cmplx and Cvr,Base,Boulders cover present,CFC_RCK,11,count,,11
9,BA,SWAMP_2016_WS,R9_NS_Ambient_FY1819,RWB9 Ambient Surface Water Monitoring FY18/19,RWQCB9,204R00711,Horsethief Canyon ~0.8mi above Pine Valley Cr.,4/23/2019,9:00,Habitat_SWAMP,SWAMP,FieldObservations,Hab Cmplx and Cvr,Base,Evenness of Aquatic Habitat Types,Ev_AqHab,0.87,none,,7
9,BA,SWAMP_2016_WS,RWB9_NPS_2017,RWB9 Nonperennial Stream Study 2017,RWQCB9,204R00711,Horsethief Canyon ~0.8mi above Pine Valley Cr.,3/28/2017,9:00,Habitat_SWAMP,SWAMP,FieldObservations,Hab Cmplx and Cvr,Base,Evenness of Aquatic Habitat Types,Ev_AqHab,0.8,none,,8
9,BA,SWAMP_2016_WS,R9_NS_Ambient_FY1819,RWB9 Ambient Surface Water Monitoring FY18/19,RWQCB9,204R00711,Horsethief Canyon ~0.8mi above Pine Valley Cr.,4/23/2019,9:00,Habitat_SWAMP,SWAMP,FieldObservations,Hab Cmplx and Cvr,Base,Filamentous Algae Present,CFC_ALG,11,count,,11
9,BA,SWAMP_2016_WS,RWB9_NPS_2017,RWB9 Nonperennial Stream Study 2017,RWQCB9,204R00711,Horsethief Canyon ~0.8mi above Pine Valley Cr.,3/28/2017,9:00,Habitat_SWAMP,SWAMP,FieldObservations,Hab Cmplx and Cvr,Base,Filamentous Algae Present,CFC_ALG,11,count,,11
9,BA,SWAMP_2016_WS,R9_NS_Ambient_FY1819,RWB9 Ambient Surface Water Monitoring FY18/19,RWQCB9,204R00711,Horsethief Canyon ~0.8mi above Pine Valley Cr.,4/23/2019,9:00,Habitat_SWAMP,SWAMP,FieldObservations,Hab Cmplx and Cvr,Base,Live tree Roots cover present,CFC_LTR,9,count,,11
9,BA,SWAMP_2016_WS,RWB9_NPS_2017,RWB9 Nonperennial Stream Study 2017,RWQCB9,204R00711,Horsethief Canyon ~0.8mi above Pine Valley Cr.,3/28/2017,9:00,Habitat_SWAMP,SWAMP,FieldObservations,Hab Cmplx and Cvr,Base,Live tree Roots cover present,CFC_LTR,2,count,,11
9,BA,SWAMP_2016_WS,R9_NS_Ambient_FY1819,RWB9 Ambient Surface Water Monitoring FY18/19,RWQCB9,204R00711,Horsethief Canyon ~0.8mi above Pine Valley Cr.,4/23/2019,9:00,Habitat_SWAMP,SWAMP,FieldObservations,Hab Cmplx and Cvr,Base,Mean Aquatic Macrophytes/Emergent Vegetation cover,XFC_AQM,12.3,%,10.1,11
9,BA,SWAMP_2016_WS,RWB9_NPS_2017,RWB9 Nonperennial Stream Study 2017,RWQCB9,204R00711,Horsethief Canyon ~0.8mi above Pine Valley Cr.,3/28/2017,9:00,Habitat_SWAMP,SWAMP,FieldObservations,Hab Cmplx and Cvr,Base,Mean Aquatic Macrophytes/Emergent Vegetation cover,XFC_AQM,2.7,%,2.6,11
9,BA,SWAMP_2016_WS,R9_NS_Ambient_FY1819,RWB9 Ambient Surface Water Monitoring FY18/19,RWQCB9,204R00711,Horsethief Canyon ~0.8mi above Pine Valley Cr.,4/23/2019,9:00,Habitat_SWAMP,SWAMP,FieldObservations,Hab Cmplx and Cvr,Base,Mean Artificial structures cover,XFC_HUM,0,%,0,11
9,BA,SWAMP_2016_WS,RWB9_NPS_2017,RWB9 Nonperennial Stream Study 2017,RWQCB9,204R00711,Horsethief Canyon ~0.8mi above Pine Valley Cr.,3/28/2017,9:00,Habitat_SWAMP,SWAMP,FieldObservations,Hab Cmplx and Cvr,Base,Mean Artificial structures cover,XFC_HUM,0,%,0,11
9,BA,SWAMP_2016_WS,R9_NS_Ambient_FY1819,RWB9 Ambient Surface Water Monitoring FY18/19,RWQCB9,204R00711,Horsethief Canyon ~0.8mi above Pine Valley Cr.,4/23/2019,9:00,Habitat_SWAMP,SWAMP,FieldObservations,Hab Cmplx and Cvr,Base,Mean Boulders cover,XFC_RCK,12.3,%,10.1,11
9,BA,SWAMP_2016_WS,RWB9_NPS_2017,RWB9 Nonperennial Stream Study 2017,RWQCB9,204R00711,Horsethief Canyon ~0.8mi above Pine Valley Cr.,3/28/2017,9:00,Habitat_SWAMP,SWAMP,FieldObservations,Hab Cmplx and Cvr,Base,Mean Boulders cover,XFC_RCK,14.1,%,10.4,11
9,BA,SWAMP_2016_WS,R9_NS_Ambient_FY1819,RWB9 Ambient Surface Water Monitoring FY18/19,RWQCB9,204R00711,Horsethief Canyon ~0.8mi above Pine Valley Cr.,4/23/2019,9:00,Habitat_SWAMP,SWAMP,FieldObservations,Hab Cmplx and Cvr,Base,Mean Filamentous Algae Cover,XFC_ALG,34.1,%,27.1,11
9,BA,SWAMP_2016_WS,RWB9_NPS_2017,RWB9 Nonperennial Stream Study 2017,RWQCB9,204R00711,Horsethief Canyon ~0.8mi above Pine Valley Cr.,3/28/2017,9:00,Habitat_SWAMP,SWAMP,FieldObservations,Hab Cmplx and Cvr,Base,Mean Filamentous Algae Cover,XFC_ALG,19.5,%,9.3,11
9,BA,SWAMP_2016_WS,R9_NS_Ambient_FY1819,RWB9 Ambient Surface Water Monitoring FY18/19,RWQCB9,204R00711,Horsethief Canyon ~0.8mi above Pine Valley Cr.,4/23/2019,9:00,Habitat_SWAMP,SWAMP,FieldObservations,Hab Cmplx and Cvr,Base,Mean Live tree roots cover,XFC_LTR,4.1,%,2,11
9,BA,SWAMP_2016_WS,RWB9_NPS_2017,RWB9 Nonperennial Stream Study 2017,RWQCB9,204R00711,Horsethief Canyon ~0.8mi above Pine Valley Cr.,3/28/2017,9:00,Habitat_SWAMP,SWAMP,FieldObservations,Hab Cmplx and Cvr,Base,Mean Live tree roots cover,XFC_LTR,0.9,%,2,11
9,BA,SWAMP_2016_WS,R9_NS_Ambient_FY1819,RWB9 Ambient Surface Water Monitoring FY18/19,RWQCB9,204R00711,Horsethief Canyon ~0.8mi above Pine Valley Cr.,4/23/2019,9:00,Habitat_SWAMP,SWAMP,FieldObservations,Hab Cmplx and Cvr,Base,Mean Overhanging vegetation cover,XFC_OHV,33.2,%,33.4,11
9,BA,SWAMP_2016_WS,RWB9_NPS_2017,RWB9 Nonperennial Stream Study 2017,RWQCB9,204R00711,Horsethief Canyon ~0.8mi above Pine Valley Cr.,3/28/2017,9:00,Habitat_SWAMP,SWAMP,FieldObservations,Hab Cmplx and Cvr,Base,Mean Overhanging vegetation cover,XFC_OHV,17,%,16.6,11
9,BA,SWAMP_2016_WS,R9_NS_Ambient_FY1819,RWB9 Ambient Surface Water Monitoring FY18/19,RWQCB9,204R00711,Horsethief Canyon ~0.8mi above Pine Valley Cr.,4/23/2019,9:00,Habitat_SWAMP,SWAMP,FieldObservations,Hab Cmplx and Cvr,Base,Mean Undercut Banks cover,XFC_UCB,7.7,%,8.8,11
9,BA,SWAMP_2016_WS,RWB9_NPS_2017,RWB9 Nonperennial Stream Study 2017,RWQCB9,204R00711,Horsethief Canyon ~0.8mi above Pine Valley Cr.,3/28/2017,9:00,Habitat_SWAMP,SWAMP,FieldObservations,Hab Cmplx and Cvr,Base,Mean Undercut Banks cover,XFC_UCB,4.5,%,7.2,11
9,BA,SWAMP_2016_WS,R9_NS_Ambient_FY1819,RWB9 Ambient Surface Water Monitoring FY18/19,RWQCB9,204R00711,Horsethief Canyon ~0.8mi above Pine Valley Cr.,4/23/2019,9:00,Habitat_SWAMP,SWAMP,FieldObservations,Hab Cmplx and Cvr,Base,Mean Woody Debris <0.3m cover,XFC_BRS,6.8,%,6,11
9,BA,SWAMP_2016_WS,RWB9_NPS_2017,RWB9 Nonperennial Stream Study 2017,RWQCB9,204R00711,Horsethief Canyon ~0.8mi above Pine Valley Cr.,3/28/2017,9:00,Habitat_SWAMP,SWAMP,FieldObservations,Hab Cmplx and Cvr,Base,Mean Woody Debris <0.3m cover,XFC_BRS,0.5,%,1.5,11
9,BA,SWAMP_2016_WS,R9_NS_Ambient_FY1819,RWB9 Ambient Surface Water Monitoring FY18/19,RWQCB9,204R00711,Horsethief Canyon ~0.8mi above Pine Valley Cr.,4/23/2019,9:00,Habitat_SWAMP,SWAMP,FieldObservations,Hab Cmplx and Cvr,Base,Mean Woody Debris >0.3m cover,XFC_LWD,0,%,0,11
9,BA,SWAMP_2016_WS,RWB9_NPS_2017,RWB9 Nonperennial Stream Study 2017,RWQCB9,204R00711,Horsethief Canyon ~0.8mi above Pine Valley Cr.,3/28/2017,9:00,Habitat_SWAMP,SWAMP,FieldObservations,Hab Cmplx and Cvr,Base,Mean Woody Debris >0.3m cover,XFC_LWD,5,%,7.1,11
9,BA,SWAMP_2016_WS,R9_NS_Ambient_FY1819,RWB9 Ambient Surface Water Monitoring FY18/19,RWQCB9,204R00711,Horsethief Canyon ~0.8mi above Pine Valley Cr.,4/23/2019,9:00,Habitat_SWAMP,SWAMP,FieldObservations,Hab Cmplx and Cvr,Base,Overhanging Vegetation cover present,CFC_OHV,11,count,,11
9,BA,SWAMP_2016_WS,RWB9_NPS_2017,RWB9 Nonperennial Stream Study 2017,RWQCB9,204R00711,Horsethief Canyon ~0.8mi above Pine Valley Cr.,3/28/2017,9:00,Habitat_SWAMP,SWAMP,FieldObservations,Hab Cmplx and Cvr,Base,Overhanging Vegetation cover present,CFC_OHV,11,count,,11
9,BA,SWAMP_2016_WS,R9_NS_Ambient_FY1819,RWB9 Ambient Surface Water Monitoring FY18/19,RWQCB9,204R00711,Horsethief Canyon ~0.8mi above Pine Valley Cr.,4/23/2019,9:00,Habitat_SWAMP,SWAMP,FieldObservations,Hab Cmplx and Cvr,Base,Shannon Diversity (H) of Aquatic Habitat Types,H_AqHab,1.69,none,,7
9,BA,SWAMP_2016_WS,RWB9_NPS_2017,RWB9 Nonperennial Stream Study 2017,RWQCB9,204R00711,Horsethief Canyon ~0.8mi above Pine Valley Cr.,3/28/2017,9:00,Habitat_SWAMP,SWAMP,FieldObservations,Hab Cmplx and Cvr,Base,Shannon Diversity (H) of Aquatic Habitat Types,H_AqHab,1.66,none,,8
9,BA,SWAMP_2016_WS,R9_NS_Ambient_FY1819,RWB9 Ambient Surface Water Monitoring FY18/19,RWQCB9,204R00711,Horsethief Canyon ~0.8mi above Pine Valley Cr.,4/23/2019,9:00,Habitat_SWAMP,SWAMP,FieldObservations,Hab Cmplx and Cvr,Base,Undercut Banks cover present,CFC_UCB,9,count,,11
9,BA,SWAMP_2016_WS,RWB9_NPS_2017,RWB9 Nonperennial Stream Study 2017,RWQCB9,204R00711,Horsethief Canyon ~0.8mi above Pine Valley Cr.,3/28/2017,9:00,Habitat_SWAMP,SWAMP,FieldObservations,Hab Cmplx and Cvr,Base,Undercut Banks cover present,CFC_UCB,6,count,,11
9,BA,SWAMP_2016_WS,R9_NS_Ambient_FY1819,RWB9 Ambient Surface Water Monitoring FY18/19,RWQCB9,204R00711,Horsethief Canyon ~0.8mi above Pine Valley Cr.,4/23/2019,9:00,Habitat_SWAMP,SWAMP,FieldObservations,Hab Cmplx and Cvr,Base,Woody Debris <0.3m cover present,CFC_BRS,11,count,,11
9,BA,SWAMP_2016_WS,RWB9_NPS_2017,RWB9 Nonperennial Stream Study 2017,RWQCB9,204R00711,Horsethief Canyon ~0.8mi above Pine Valley Cr.,3/28/2017,9:00,Habitat_SWAMP,SWAMP,FieldObservations,Hab Cmplx and Cvr,Base,Woody Debris <0.3m cover present,CFC_BRS,1,count,,11
9,BA,SWAMP_2016_WS,R9_NS_Ambient_FY1819,RWB9 Ambient Surface Water Monitoring FY18/19,RWQCB9,204R00711,Horsethief Canyon ~0.8mi above Pine Valley Cr.,4/23/2019,9:00,Habitat_SWAMP,SWAMP,FieldObservations,Hab Cmplx and Cvr,Base,Woody Debris >0.3m cover present,CFC_LWD,0,count,,11
9,BA,SWAMP_2016_WS,RWB9_NPS_2017,RWB9 Nonperennial Stream Study 2017,RWQCB9,204R00711,Horsethief Canyon ~0.8mi above Pine Valley Cr.,3/28/2017,9:00,Habitat_SWAMP,SWAMP,FieldObservations,Hab Cmplx and Cvr,Base,Woody Debris >0.3m cover present,CFC_LWD,7,count,,11
9,BA,SWAMP_2016_WS,R9_NS_Ambient_FY1819,RWB9 Ambient Surface Water Monitoring FY18/19,RWQCB9,204R00711,Horsethief Canyon ~0.8mi above Pine Valley Cr.,4/23/2019,9:00,Habitat_SWAMP,SWAMP,FieldObservations,Humn Dist,Base,Bridges/Abutments Riparian Human Disturbance,W1H_BRDG,0,none,0,22
9,BA,SWAMP_2016_WS,RWB9_NPS_2017,RWB9 Nonperennial Stream Study 2017,RWQCB9,204R00711,Horsethief Canyon ~0.8mi above Pine Valley Cr.,3/28/2017,9:00,Habitat_SWAMP,SWAMP,FieldObservations,Humn Dist,Base,Bridges/Abutments Riparian Human Disturbance,W1H_BRDG,0,none,0,22
9,BA,SWAMP_2016_WS,R9_NS_Ambient_FY1819,RWB9 Ambient Surface Water Monitoring FY18/19,RWQCB9,204R00711,Horsethief Canyon ~0.8mi above Pine Valley Cr.,4/23/2019,9:00,Habitat_SWAMP,SWAMP,FieldObservations,Humn Dist,Base,Buildings Riparian Human Disturbance,W1H_BLDG,0,none,0,22
9,BA,SWAMP_2016_WS,RWB9_NPS_2017,RWB9 Nonperennial Stream Study 2017,RWQCB9,204R00711,Horsethief Canyon ~0.8mi above Pine Valley Cr.,3/28/2017,9:00,Habitat_SWAMP,SWAMP,FieldObservations,Humn Dist,Base,Buildings Riparian Human Disturbance,W1H_BLDG,0,none,0,22
9,BA,SWAMP_2016_WS,R9_NS_Ambient_FY1819,RWB9 Ambient Surface Water Monitoring FY18/19,RWQCB9,204R00711,Horsethief Canyon ~0.8mi above Pine Valley Cr.,4/23/2019,9:00,Habitat_SWAMP,SWAMP,FieldObservations,Humn Dist,Base,Landfill/Trash Riparian Human Disturbance,W1H_LDFL,0,none,0,22
9,BA,SWAMP_2016_WS,RWB9_NPS_2017,RWB9 Nonperennial Stream Study 2017,RWQCB9,204R00711,Horsethief Canyon ~0.8mi above Pine Valley Cr.,3/28/2017,9:00,Habitat_SWAMP,SWAMP,FieldObservations,Humn Dist,Base,Landfill/Trash Riparian Human Disturbance,W1H_LDFL,0,none,0,22
9,BA,SWAMP_2016_WS,R9_NS_Ambient_FY1819,RWB9 Ambient Surface Water Monitoring FY18/19,RWQCB9,204R00711,Horsethief Canyon ~0.8mi above Pine Valley Cr.,4/23/2019,9:00,Habitat_SWAMP,SWAMP,FieldObservations,Humn Dist,Base,Logging Riparian Human Disturbance,W1H_LOG,0,none,0,22
9,BA,SWAMP_2016_WS,RWB9_NPS_2017,RWB9 Nonperennial Stream Study 2017,RWQCB9,204R00711,Horsethief Canyon ~0.8mi above Pine Valley Cr.,3/28/2017,9:00,Habitat_SWAMP,SWAMP,FieldObservations,Humn Dist,Base,Logging Riparian Human Disturbance,W1H_LOG,0,none,0,22
9,BA,SWAMP_2016_WS,R9_NS_Ambient_FY1819,RWB9 Ambient Surface Water Monitoring FY18/19,RWQCB9,204R00711,Horsethief Canyon ~0.8mi above Pine Valley Cr.,4/23/2019,9:00,Habitat_SWAMP,SWAMP,FieldObservations,Humn Dist,Base,Mining Riparian Human Disturbance,W1H_MINE,0,none,0,22
9,BA,SWAMP_2016_WS,RWB9_NPS_2017,RWB9 Nonperennial Stream Study 2017,RWQCB9,204R00711,Horsethief Canyon ~0.8mi above Pine Valley Cr.,3/28/2017,9:00,Habitat_SWAMP,SWAMP,FieldObservations,Humn Dist,Base,Mining Riparian Human Disturbance,W1H_MINE,0,none,0,22
9,BA,SWAMP_2016_WS,R9_NS_Ambient_FY1819,RWB9 Ambient Surface Water Monitoring FY18/19,RWQCB9,204R00711,Horsethief Canyon ~0.8mi above Pine Valley Cr.,4/23/2019,9:00,Habitat_SWAMP,SWAMP,FieldObservations,Humn Dist,Base,Orchards/Vineyards Riparian Human Disturbance,W1H_ORVY,0,none,0,22
9,BA,SWAMP_2016_WS,RWB9_NPS_2017,RWB9 Nonperennial Stream Study 2017,RWQCB9,204R00711,Horsethief Canyon ~0.8mi above Pine Valley Cr.,3/28/2017,9:00,Habitat_SWAMP,SWAMP,FieldObservations,Humn Dist,Base,Orchards/Vineyards Riparian Human Disturbance,W1H_ORVY,0,none,0,22
9,BA,SWAMP_2016_WS,R9_NS_Ambient_FY1819,RWB9 Ambient Surface Water Monitoring FY18/19,RWQCB9,204R00711,Horsethief Canyon ~0.8mi above Pine Valley Cr.,4/23/2019,9:00,Habitat_SWAMP,SWAMP,FieldObservations,Humn Dist,Base,Park/Lawn Riparian Human Disturbance,W1H_PARK,0,none,0,22
9,BA,SWAMP_2016_WS,RWB9_NPS_2017,RWB9 Nonperennial Stream Study 2017,RWQCB9,204R00711,Horsethief Canyon ~0.8mi above Pine Valley Cr.,3/28/2017,9:00,Habitat_SWAMP,SWAMP,FieldObservations,Humn Dist,Base,Park/Lawn Riparian Human Disturbance,W1H_PARK,0,none,0,22
9,BA,SWAMP_2016_WS,R9_NS_Ambient_FY1819,RWB9 Ambient Surface Water Monitoring FY18/19,RWQCB9,204R00711,Horsethief Canyon ~0.8mi above Pine Valley Cr.,4/23/2019,9:00,Habitat_SWAMP,SWAMP,FieldObservations,Humn Dist,Base,Pasture/Range Riparian Human Disturbance,W1H_PSTR,0,none,0,22
9,BA,SWAMP_2016_WS,RWB9_NPS_2017,RWB9 Nonperennial Stream Study 2017,RWQCB9,204R00711,Horsethief Canyon ~0.8mi above Pine Valley Cr.,3/28/2017,9:00,Habitat_SWAMP,SWAMP,FieldObservations,Humn Dist,Base,Pasture/Range Riparian Human Disturbance,W1H_PSTR,0,none,0,22
9,BA,SWAMP_2016_WS,R9_NS_Ambient_FY1819,RWB9 Ambient Surface Water Monitoring FY18/19,RWQCB9,204R00711,Horsethief Canyon ~0.8mi above Pine Valley Cr.,4/23/2019,9:00,Habitat_SWAMP,SWAMP,FieldObservations,Humn Dist,Base,Pavement/Cleared Lot Riparian Human Disturbance,W1H_PVMT,0,none,0,22
9,BA,SWAMP_2016_WS,RWB9_NPS_2017,RWB9 Nonperennial Stream Study 2017,RWQCB9,204R00711,Horsethief Canyon ~0.8mi above Pine Valley Cr.,3/28/2017,9:00,Habitat_SWAMP,SWAMP,FieldObservations,Humn Dist,Base,Pavement/Cleared Lot Riparian Human Disturbance,W1H_PVMT,0,none,0,22
9,BA,SWAMP_2016_WS,R9_NS_Ambient_FY1819,RWB9 Ambient Surface Water Monitoring FY18/19,RWQCB9,204R00711,Horsethief Canyon ~0.8mi above Pine Valley Cr.,4/23/2019,9:00,Habitat_SWAMP,SWAMP,FieldObservations,Humn Dist,Base,Pipes (Inlet/Outlet) Riparian Human Disturbance,W1H_PIPE,0,none,0,22
9,BA,SWAMP_2016_WS,RWB9_NPS_2017,RWB9 Nonperennial Stream Study 2017,RWQCB9,204R00711,Horsethief Canyon ~0.8mi above Pine Valley Cr.,3/28/2017,9:00,Habitat_SWAMP,SWAMP,FieldObservations,Humn Dist,Base,Pipes (Inlet/Outlet) Riparian Human Disturbance,W1H_PIPE,0,none,0,22
9,BA,SWAMP_2016_WS,R9_NS_Ambient_FY1819,RWB9 Ambient Surface Water Monitoring FY18/19,RWQCB9,204R00711,Horsethief Canyon ~0.8mi above Pine Valley Cr.,4/23/2019,9:00,Habitat_SWAMP,SWAMP,FieldObservations,Humn Dist,Base,Road/Railroad Riparian Human Disturbance,W1H_ROAD,0,none,0,22
9,BA,SWAMP_2016_WS,RWB9_NPS_2017,RWB9 Nonperennial Stream Study 2017,RWQCB9,204R00711,Horsethief Canyon ~0.8mi above Pine Valley Cr.,3/28/2017,9:00,Habitat_SWAMP,SWAMP,FieldObservations,Humn Dist,Base,Road/Railroad Riparian Human Disturbance,W1H_ROAD,0,none,0,22
9,BA,SWAMP_2016_WS,R9_NS_Ambient_FY1819,RWB9 Ambient Surface Water Monitoring FY18/19,RWQCB9,204R00711,Horsethief Canyon ~0.8mi above Pine Valley Cr.,4/23/2019,9:00,Habitat_SWAMP,SWAMP,FieldObservations,Humn Dist,Base,Row Crops Riparian Human Disturbance,W1H_CROP,0,none,0,22
9,BA,SWAMP_2016_WS,RWB9_NPS_2017,RWB9 Nonperennial Stream Study 2017,RWQCB9,204R00711,Horsethief Canyon ~0.8mi above Pine Valley Cr.,3/28/2017,9:00,Habitat_SWAMP,SWAMP,FieldObservations,Humn Dist,Base,Row Crops Riparian Human Disturbance,W1H_CROP,0,none,0,22
9,BA,SWAMP_2016_WS,R9_NS_Ambient_FY1819,RWB9 Ambient Surface Water Monitoring FY18/19,RWQCB9,204R00711,Horsethief Canyon ~0.8mi above Pine Valley Cr.,4/23/2019,9:00,Habitat_SWAMP,SWAMP,FieldObservations,Humn Dist,Base,Vegetation Management Riparian Human Disturbance,W1H_VEGM,0,none,0,22
9,BA,SWAMP_2016_WS,RWB9_NPS_2017,RWB9 Nonperennial Stream Study 2017,RWQCB9,204R00711,Horsethief Canyon ~0.8mi above Pine Valley Cr.,3/28/2017,9:00,Habitat_SWAMP,SWAMP,FieldObservations,Humn Dist,Base,Vegetation Management Riparian Human Disturbance,W1H_VEGM,0,none,0,22
9,BA,SWAMP_2016_WS,R9_NS_Ambient_FY1819,RWB9 Ambient Surface Water Monitoring FY18/19,RWQCB9,204R00711,Horsethief Canyon ~0.8mi above Pine Valley Cr.,4/23/2019,9:00,Habitat_SWAMP,SWAMP,FieldObservations,Humn Dist,Base,Wall/Rip-Rap Riparian Human Disturbance,W1H_WALL,0,none,0,22
9,BA,SWAMP_2016_WS,RWB9_NPS_2017,RWB9 Nonperennial Stream Study 2017,RWQCB9,204R00711,Horsethief Canyon ~0.8mi above Pine Valley Cr.,3/28/2017,9:00,Habitat_SWAMP,SWAMP,FieldObservations,Humn Dist,Base,Wall/Rip-Rap Riparian Human Disturbance,W1H_WALL,0,none,0,22
9,BA,SWAMP_2016_WS,R9_NS_Ambient_FY1819,RWB9 Ambient Surface Water Monitoring FY18/19,RWQCB9,204R00711,Horsethief Canyon ~0.8mi above Pine Valley Cr.,4/23/2019,9:00,Habitat_SWAMP,SWAMP,FieldObservations,Ntbl Fld Cond,Base,Dominant Landuse/Landcover,NFC_DLU,Forest,none,,
9,BA,SWAMP_2016_WS,RWB9_NPS_2017,RWB9 Nonperennial Stream Study 2017,RWQCB9,204R00711,Horsethief Canyon ~0.8mi above Pine Valley Cr.,3/28/2017,9:00,Habitat_SWAMP,SWAMP,FieldObservations,Ntbl Fld Cond,Base,Dominant Landuse/Landcover,NFC_DLU,Forest,none,,
9,BA,SWAMP_2016_WS,R9_NS_Ambient_FY1819,RWB9 Ambient Surface Water Monitoring FY18/19,RWQCB9,204R00711,Horsethief Canyon ~0.8mi above Pine Valley Cr.,4/23/2019,9:00,Habitat_SWAMP,SWAMP,FieldObservations,Ntbl Fld Cond,Base,Evidence of Fire,NFC_EFR,NO,none,,
9,BA,SWAMP_2016_WS,RWB9_NPS_2017,RWB9 Nonperennial Stream Study 2017,RWQCB9,204R00711,Horsethief Canyon ~0.8mi above Pine Valley Cr.,3/28/2017,9:00,Habitat_SWAMP,SWAMP,FieldObservations,Ntbl Fld Cond,Base,Evidence of Fire,NFC_EFR,NO,none,,
9,BA,SWAMP_2016_WS,R9_NS_Ambient_FY1819,RWB9 Ambient Surface Water Monitoring FY18/19,RWQCB9,204R00711,Horsethief Canyon ~0.8mi above Pine Valley Cr.,4/23/2019,9:00,Habitat_SWAMP,SWAMP,FieldObservations,Ntbl Fld Cond,Base,Evidence of Recent Rainfall,NFC_ERN,NO,none,,
9,BA,SWAMP_2016_WS,RWB9_NPS_2017,RWB9 Nonperennial Stream Study 2017,RWQCB9,204R00711,Horsethief Canyon ~0.8mi above Pine Valley Cr.,3/28/2017,9:00,Habitat_SWAMP,SWAMP,FieldObservations,Ntbl Fld Cond,Base,Evidence of Recent Rainfall,NFC_ERN,NO,none,,
9,BA,SWAMP_2016_WS,R9_NS_Ambient_FY1819,RWB9 Ambient Surface Water Monitoring FY18/19,RWQCB9,204R00711,Horsethief Canyon ~0.8mi above Pine Valley Cr.,4/23/2019,9:00,Habitat_SWAMP,SWAMP,FieldObservations,Reach Cond,Base,RBP Channel Alterations,RBP_CHN,20,none,,
9,BA,SWAMP_2016_WS,RWB9_NPS_2017,RWB9 Nonperennial Stream Study 2017,RWQCB9,204R00711,Horsethief Canyon ~0.8mi above Pine Valley Cr.,3/28/2017,9:00,Habitat_SWAMP,SWAMP,FieldObservations,Reach Cond,Base,RBP Channel Alterations,RBP_CHN,20,none,,
9,BA,SWAMP_2016_WS,R9_NS_Ambient_FY1819,RWB9 Ambient Surface Water Monitoring FY18/19,RWQCB9,204R00711,Horsethief Canyon ~0.8mi above Pine Valley Cr.,4/23/2019,9:00,Habitat_SWAMP,SWAMP,FieldObservations,Reach Cond,Base,RBP Epifaunal Substrate/Available Cover,RBP_EPI,20,none,,
9,BA,SWAMP_2016_WS,RWB9_NPS_2017,RWB9 Nonperennial Stream Study 2017,RWQCB9,204R00711,Horsethief Canyon ~0.8mi above Pine Valley Cr.,3/28/2017,9:00,Habitat_SWAMP,SWAMP,FieldObservations,Reach Cond,Base,RBP Epifaunal Substrate/Available Cover,RBP_EPI,20,none,,
9,BA,SWAMP_2016_WS,R9_NS_Ambient_FY1819,RWB9 Ambient Surface Water Monitoring FY18/19,RWQCB9,204R00711,Horsethief Canyon ~0.8mi above Pine Valley Cr.,4/23/2019,9:00,Habitat_SWAMP,SWAMP,FieldObservations,Reach Cond,Base,RBP Sediment Deposition,RBP_SED,20,none,,
9,BA,SWAMP_2016_WS,RWB9_NPS_2017,RWB9 Nonperennial Stream Study 2017,RWQCB9,204R00711,Horsethief Canyon ~0.8mi above Pine Valley Cr.,3/28/2017,9:00,Habitat_SWAMP,SWAMP,FieldObservations,Reach Cond,Base,RBP Sediment Deposition,RBP_SED,20,none,,
9,BA,SWAMP_2016_WS,R9_NS_Ambient_FY1819,RWB9 Ambient Surface Water Monitoring FY18/19,RWQCB9,204R00711,Horsethief Canyon ~0.8mi above Pine Valley Cr.,4/23/2019,9:00,Habitat_SWAMP,SWAMP,FieldObservations,Rip Veg Cvr and Str,Base,Ground Cover Vegetation presence,XPGVEG,1,proportion,,22
9,BA,SWAMP_2016_WS,RWB9_NPS_2017,RWB9 Nonperennial Stream Study 2017,RWQCB9,204R00711,Horsethief Canyon ~0.8mi above Pine Valley Cr.,3/28/2017,9:00,Habitat_SWAMP,SWAMP,FieldObservations,Rip Veg Cvr and Str,Base,Ground Cover Vegetation presence,XPGVEG,1,proportion,,22
9,BA,SWAMP_2016_WS,R9_NS_Ambient_FY1819,RWB9 Ambient Surface Water Monitoring FY18/19,RWQCB9,204R00711,Horsethief Canyon ~0.8mi above Pine Valley Cr.,4/23/2019,9:00,Habitat_SWAMP,SWAMP,FieldObservations,Rip Veg Cvr and Str,Base,Lower (Mid-Layer) and Upper Canopy Vegetation presence,XPCM,0.86,proportion,,22
9,BA,SWAMP_2016_WS,RWB9_NPS_2017,RWB9 Nonperennial Stream Study 2017,RWQCB9,204R00711,Horsethief Canyon ~0.8mi above Pine Valley Cr.,3/28/2017,9:00,Habitat_SWAMP,SWAMP,FieldObservations,Rip Veg Cvr and Str,Base,Lower (Mid-Layer) and Upper Canopy Vegetation presence,XPCM,0.59,proportion,,22
9,BA,SWAMP_2016_WS,R9_NS_Ambient_FY1819,RWB9 Ambient Surface Water Monitoring FY18/19,RWQCB9,204R00711,Horsethief Canyon ~0.8mi above Pine Valley Cr.,4/23/2019,9:00,Habitat_SWAMP,SWAMP,FieldObservations,Rip Veg Cvr and Str,Base,Lower (Mid-Layer) Canopy Vegetation presence,XPMID,1,proportion,,22
9,BA,SWAMP_2016_WS,RWB9_NPS_2017,RWB9 Nonperennial Stream Study 2017,RWQCB9,204R00711,Horsethief Canyon ~0.8mi above Pine Valley Cr.,3/28/2017,9:00,Habitat_SWAMP,SWAMP,FieldObservations,Rip Veg Cvr and Str,Base,Lower (Mid-Layer) Canopy Vegetation presence,XPMID,1,proportion,,22
9,BA,SWAMP_2016_WS,R9_NS_Ambient_FY1819,RWB9 Ambient Surface Water Monitoring FY18/19,RWQCB9,204R00711,Horsethief Canyon ~0.8mi above Pine Valley Cr.,4/23/2019,9:00,Habitat_SWAMP,SWAMP,FieldObservations,Rip Veg Cvr and Str,Base,"Mean Barren, Bare Soil/Duff Ground cover",XGB,0,%,1.1,22
9,BA,SWAMP_2016_WS,RWB9_NPS_2017,RWB9 Nonperennial Stream Study 2017,RWQCB9,204R00711,Horsethief Canyon ~0.8mi above Pine Valley Cr.,3/28/2017,9:00,Habitat_SWAMP,SWAMP,FieldObservations,Rip Veg Cvr and Str,Base,"Mean Barren, Bare Soil/Duff Ground cover",XGB,1,%,1.8,22
9,BA,SWAMP_2016_WS,R9_NS_Ambient_FY1819,RWB9 Ambient Surface Water Monitoring FY18/19,RWQCB9,204R00711,Horsethief Canyon ~0.8mi above Pine Valley Cr.,4/23/2019,9:00,Habitat_SWAMP,SWAMP,FieldObservations,Rip Veg Cvr and Str,Base,Mean Herbs/Grasses Ground Cover,XGH,57,%,27.3,22
9,BA,SWAMP_2016_WS,RWB9_NPS_2017,RWB9 Nonperennial Stream Study 2017,RWQCB9,204R00711,Horsethief Canyon ~0.8mi above Pine Valley Cr.,3/28/2017,9:00,Habitat_SWAMP,SWAMP,FieldObservations,Rip Veg Cvr and Str,Base,Mean Herbs/Grasses Ground Cover,XGH,88,%,0,22
9,BA,SWAMP_2016_WS,R9_NS_Ambient_FY1819,RWB9 Ambient Surface Water Monitoring FY18/19,RWQCB9,204R00711,Horsethief Canyon ~0.8mi above Pine Valley Cr.,4/23/2019,9:00,Habitat_SWAMP,SWAMP,FieldObservations,Rip Veg Cvr and Str,Base,Mean Lower (Mid-Layer) Canopy Vegetation,XM,41,%,30.4,22
9,BA,SWAMP_2016_WS,RWB9_NPS_2017,RWB9 Nonperennial Stream Study 2017,RWQCB9,204R00711,Horsethief Canyon ~0.8mi above Pine Valley Cr.,3/28/2017,9:00,Habitat_SWAMP,SWAMP,FieldObservations,Rip Veg Cvr and Str,Base,Mean Lower (Mid-Layer) Canopy Vegetation,XM,21,%,21.9,22
9,BA,SWAMP_2016_WS,R9_NS_Ambient_FY1819,RWB9 Ambient Surface Water Monitoring FY18/19,RWQCB9,204R00711,Horsethief Canyon ~0.8mi above Pine Valley Cr.,4/23/2019,9:00,Habitat_SWAMP,SWAMP,FieldMeasure,Rip Veg Cvr and Str,Base,Mean Mid-Channel Shade and Canopy cover,XCDENMID,52,%,40.8,44
9,BA,SWAMP_2016_WS,RWB9_NPS_2017,RWB9 Nonperennial Stream Study 2017,RWQCB9,204R00711,Horsethief Canyon ~0.8mi above Pine Valley Cr.,3/28/2017,9:00,Habitat_SWAMP,SWAMP,FieldMeasure,Rip Veg Cvr and Str,Base,Mean Mid-Channel Shade and Canopy cover,XCDENMID,48,%,39.2,44
9,BA,SWAMP_2016_WS,R9_NS_Ambient_FY1819,RWB9 Ambient Surface Water Monitoring FY18/19,RWQCB9,204R00711,Horsethief Canyon ~0.8mi above Pine Valley Cr.,4/23/2019,9:00,Habitat_SWAMP,SWAMP,FieldObservations,Rip Veg Cvr and Str,Base,Mean Upper Canopy Trees and Saplings,XC,26,%,27,22
9,BA,SWAMP_2016_WS,RWB9_NPS_2017,RWB9 Nonperennial Stream Study 2017,RWQCB9,204R00711,Horsethief Canyon ~0.8mi above Pine Valley Cr.,3/28/2017,9:00,Habitat_SWAMP,SWAMP,FieldObservations,Rip Veg Cvr and Str,Base,Mean Upper Canopy Trees and Saplings,XC,30,%,38.6,22
9,BA,SWAMP_2016_WS,R9_NS_Ambient_FY1819,RWB9 Ambient Surface Water Monitoring FY18/19,RWQCB9,204R00711,Horsethief Canyon ~0.8mi above Pine Valley Cr.,4/23/2019,9:00,Habitat_SWAMP,SWAMP,FieldObservations,Rip Veg Cvr and Str,Base,Mean Woody Shrubs Ground Cover,XGW,16,%,16.3,22
9,BA,SWAMP_2016_WS,RWB9_NPS_2017,RWB9 Nonperennial Stream Study 2017,RWQCB9,204R00711,Horsethief Canyon ~0.8mi above Pine Valley Cr.,3/28/2017,9:00,Habitat_SWAMP,SWAMP,FieldObservations,Rip Veg Cvr and Str,Base,Mean Woody Shrubs Ground Cover,XGW,12,%,9.8,22
9,BA,SWAMP_2016_WS,R9_NS_Ambient_FY1819,RWB9 Ambient Surface Water Monitoring FY18/19,RWQCB9,204R00711,Horsethief Canyon ~0.8mi above Pine Valley Cr.,4/23/2019,9:00,Habitat_SWAMP,SWAMP,FieldObservations,Rip Veg Cvr and Str,Base,Moderate Riparian Ground Cover presence,XPMGVEG,1,proportion,,22
9,BA,SWAMP_2016_WS,RWB9_NPS_2017,RWB9 Nonperennial Stream Study 2017,RWQCB9,204R00711,Horsethief Canyon ~0.8mi above Pine Valley Cr.,3/28/2017,9:00,Habitat_SWAMP,SWAMP,FieldObservations,Rip Veg Cvr and Str,Base,Moderate Riparian Ground Cover presence,XPMGVEG,1,proportion,,22
9,BA,SWAMP_2016_WS,R9_NS_Ambient_FY1819,RWB9 Ambient Surface Water Monitoring FY18/19,RWQCB9,204R00711,Horsethief Canyon ~0.8mi above Pine Valley Cr.,4/23/2019,9:00,Habitat_SWAMP,SWAMP,FieldObservations,Rip Veg Cvr and Str,Base,Riparian Vegetation All 3 Layers presence,XPCMG,0.86,proportion,,22
9,BA,SWAMP_2016_WS,RWB9_NPS_2017,RWB9 Nonperennial Stream Study 2017,RWQCB9,204R00711,Horsethief Canyon ~0.8mi above Pine Valley Cr.,3/28/2017,9:00,Habitat_SWAMP,SWAMP,FieldObservations,Rip Veg Cvr and Str,Base,Riparian Vegetation All 3 Layers presence,XPCMG,0.59,proportion,,22
9,BA,SWAMP_2016_WS,R9_NS_Ambient_FY1819,RWB9 Ambient Surface Water Monitoring FY18/19,RWQCB9,204R00711,Horsethief Canyon ~0.8mi above Pine Valley Cr.,4/23/2019,9:00,Habitat_SWAMP,SWAMP,FieldObservations,Rip Veg Cvr and Str,Base,Upper Canopy Trees and Saplings presence,XPCAN,0.86,proportion,,22
9,BA,SWAMP_2016_WS,RWB9_NPS_2017,RWB9 Nonperennial Stream Study 2017,RWQCB9,204R00711,Horsethief Canyon ~0.8mi above Pine Valley Cr.,3/28/2017,9:00,Habitat_SWAMP,SWAMP,FieldObservations,Rip Veg Cvr and Str,Base,Upper Canopy Trees and Saplings presence,XPCAN,0.59,proportion,,22
9,BA,SWAMP_2016_WS,R9_NS_Ambient_FY1819,RWB9 Ambient Surface Water Monitoring FY18/19,RWQCB9,204R00711,Horsethief Canyon ~0.8mi above Pine Valley Cr.,4/23/2019,9:00,Habitat_SWAMP,SWAMP,FieldObservations,Sub Size and Comp,Base,CPOM Presence,PCT_CPOM,47,%,,105
9,BA,SWAMP_2016_WS,RWB9_NPS_2017,RWB9 Nonperennial Stream Study 2017,RWQCB9,204R00711,Horsethief Canyon ~0.8mi above Pine Valley Cr.,3/28/2017,9:00,Habitat_SWAMP,SWAMP,FieldObservations,Sub Size and Comp,Base,CPOM Presence,PCT_CPOM,64,%,,55
9,BA,SWAMP_2016_WS,R9_NS_Ambient_FY1819,RWB9 Ambient Surface Water Monitoring FY18/19,RWQCB9,204R00711,Horsethief Canyon ~0.8mi above Pine Valley Cr.,4/23/2019,9:00,Habitat_SWAMP,SWAMP,combined methods,Sub Size and Comp,Base,Evenness of Natural Substrate Types,Ev_SubNat,0.88,none,,8
9,BA,SWAMP_2016_WS,RWB9_NPS_2017,RWB9 Nonperennial Stream Study 2017,RWQCB9,204R00711,Horsethief Canyon ~0.8mi above Pine Valley Cr.,3/28/2017,9:00,Habitat_SWAMP,SWAMP,combined methods,Sub Size and Comp,Base,Evenness of Natural Substrate Types,Ev_SubNat,0.85,none,,7
9,BA,SWAMP_2016_WS,R9_NS_Ambient_FY1819,RWB9 Ambient Surface Water Monitoring FY18/19,RWQCB9,204R00711,Horsethief Canyon ~0.8mi above Pine Valley Cr.,4/23/2019,9:00,Habitat_SWAMP,SWAMP,combined methods,Sub Size and Comp,Base,Geometric Mean Diameter of Particulate Substrate,XSPDGM,13.4,mm,,100
9,BA,SWAMP_2016_WS,RWB9_NPS_2017,RWB9 Nonperennial Stream Study 2017,RWQCB9,204R00711,Horsethief Canyon ~0.8mi above Pine Valley Cr.,3/28/2017,9:00,Habitat_SWAMP,SWAMP,combined methods,Sub Size and Comp,Base,Geometric Mean Diameter of Particulate Substrate,XSPDGM,13.8,mm,,54
9,BA,SWAMP_2016_WS,R9_NS_Ambient_FY1819,RWB9 Ambient Surface Water Monitoring FY18/19,RWQCB9,204R00711,Horsethief Canyon ~0.8mi above Pine Valley Cr.,4/23/2019,9:00,Habitat_SWAMP,SWAMP,combined methods,Sub Size and Comp,Base,Geometric Mean Substrate Diameter (Dgm),XSDGM,16.9,mm,,104
9,BA,SWAMP_2016_WS,RWB9_NPS_2017,RWB9 Nonperennial Stream Study 2017,RWQCB9,204R00711,Horsethief Canyon ~0.8mi above Pine Valley Cr.,3/28/2017,9:00,Habitat_SWAMP,SWAMP,combined methods,Sub Size and Comp,Base,Geometric Mean Substrate Diameter (Dgm),XSDGM,15.4,mm,,55
9,BA,SWAMP_2016_WS,R9_NS_Ambient_FY1819,RWB9 Ambient Surface Water Monitoring FY18/19,RWQCB9,204R00711,Horsethief Canyon ~0.8mi above Pine Valley Cr.,4/23/2019,9:00,Habitat_SWAMP,SWAMP,ObservedFieldMeasure,Sub Size and Comp,Base,Mean Cobble Embeddedness - channel/margin,XEMBED,33,%,29.9,26
9,BA,SWAMP_2016_WS,RWB9_NPS_2017,RWB9 Nonperennial Stream Study 2017,RWQCB9,204R00711,Horsethief Canyon ~0.8mi above Pine Valley Cr.,3/28/2017,9:00,Habitat_SWAMP,SWAMP,ObservedFieldMeasure,Sub Size and Comp,Base,Mean Cobble Embeddedness - channel/margin,XEMBED,36,%,29.5,26
9,BA,SWAMP_2016_WS,R9_NS_Ambient_FY1819,RWB9 Ambient Surface Water Monitoring FY18/19,RWQCB9,204R00711,Horsethief Canyon ~0.8mi above Pine Valley Cr.,4/23/2019,9:00,Habitat_SWAMP,SWAMP,ObservedFieldMeasure,Sub Size and Comp,Base,Mean Cobble Embeddedness - mid channel,XCEMBED,27,%,29.8,21
9,BA,SWAMP_2016_WS,RWB9_NPS_2017,RWB9 Nonperennial Stream Study 2017,RWQCB9,204R00711,Horsethief Canyon ~0.8mi above Pine Valley Cr.,3/28/2017,9:00,Habitat_SWAMP,SWAMP,ObservedFieldMeasure,Sub Size and Comp,Base,Mean Cobble Embeddedness - mid channel,XCEMBED,37,%,32.6,14
9,BA,SWAMP_2016_WS,R9_NS_Ambient_FY1819,RWB9 Ambient Surface Water Monitoring FY18/19,RWQCB9,204R00711,Horsethief Canyon ~0.8mi above Pine Valley Cr.,4/23/2019,9:00,Habitat_SWAMP,SWAMP,combined methods,Sub Size and Comp,Base,Particle Size 10th (d10),SB_PT_D10,1,mm,,104
9,BA,SWAMP_2016_WS,RWB9_NPS_2017,RWB9 Nonperennial Stream Study 2017,RWQCB9,204R00711,Horsethief Canyon ~0.8mi above Pine Valley Cr.,3/28/2017,9:00,Habitat_SWAMP,SWAMP,combined methods,Sub Size and Comp,Base,Particle Size 10th (d10),SB_PT_D10,0.03,mm,,55
9,BA,SWAMP_2016_WS,R9_NS_Ambient_FY1819,RWB9 Ambient Surface Water Monitoring FY18/19,RWQCB9,204R00711,Horsethief Canyon ~0.8mi above Pine Valley Cr.,4/23/2019,9:00,Habitat_SWAMP,SWAMP,combined methods,Sub Size and Comp,Base,Particle Size 25th (d25),SB_PT_D25,2,mm,,104
9,BA,SWAMP_2016_WS,RWB9_NPS_2017,RWB9 Nonperennial Stream Study 2017,RWQCB9,204R00711,Horsethief Canyon ~0.8mi above Pine Valley Cr.,3/28/2017,9:00,Habitat_SWAMP,SWAMP,combined methods,Sub Size and Comp,Base,Particle Size 25th (d25),SB_PT_D25,3,mm,,55
9,BA,SWAMP_2016_WS,R9_NS_Ambient_FY1819,RWB9 Ambient Surface Water Monitoring FY18/19,RWQCB9,204R00711,Horsethief Canyon ~0.8mi above Pine Valley Cr.,4/23/2019,9:00,Habitat_SWAMP,SWAMP,combined methods,Sub Size and Comp,Base,Particle Size 75th (d75),SB_PT_D75,95,mm,,104
9,BA,SWAMP_2016_WS,RWB9_NPS_2017,RWB9 Nonperennial Stream Study 2017,RWQCB9,204R00711,Horsethief Canyon ~0.8mi above Pine Valley Cr.,3/28/2017,9:00,Habitat_SWAMP,SWAMP,combined methods,Sub Size and Comp,Base,Particle Size 75th (d75),SB_PT_D75,110,mm,,55
9,BA,SWAMP_2016_WS,R9_NS_Ambient_FY1819,RWB9 Ambient Surface Water Monitoring FY18/19,RWQCB9,204R00711,Horsethief Canyon ~0.8mi above Pine Valley Cr.,4/23/2019,9:00,Habitat_SWAMP,SWAMP,combined methods,Sub Size and Comp,Base,Particle Size 90th (d90),SB_PT_D90,390,mm,,104
9,BA,SWAMP_2016_WS,RWB9_NPS_2017,RWB9 Nonperennial Stream Study 2017,RWQCB9,204R00711,Horsethief Canyon ~0.8mi above Pine Valley Cr.,3/28/2017,9:00,Habitat_SWAMP,SWAMP,combined methods,Sub Size and Comp,Base,Particle Size 90th (d90),SB_PT_D90,200,mm,,55
9,BA,SWAMP_2016_WS,R9_NS_Ambient_FY1819,RWB9 Ambient Surface Water Monitoring FY18/19,RWQCB9,204R00711,Horsethief Canyon ~0.8mi above Pine Valley Cr.,4/23/2019,9:00,Habitat_SWAMP,SWAMP,combined methods,Sub Size and Comp,Base,Particle Size Median (d50),SB_PT_D50,20,mm,,104
9,BA,SWAMP_2016_WS,RWB9_NPS_2017,RWB9 Nonperennial Stream Study 2017,RWQCB9,204R00711,Horsethief Canyon ~0.8mi above Pine Valley Cr.,3/28/2017,9:00,Habitat_SWAMP,SWAMP,combined methods,Sub Size and Comp,Base,Particle Size Median (d50),SB_PT_D50,35,mm,,55
9,BA,SWAMP_2016_WS,R9_NS_Ambient_FY1819,RWB9 Ambient Surface Water Monitoring FY18/19,RWQCB9,204R00711,Horsethief Canyon ~0.8mi above Pine Valley Cr.,4/23/2019,9:00,Habitat_SWAMP,SWAMP,combined methods,Sub Size and Comp,Base,Particulate Particle Size 10th (d10),SB_PP_D10,1,mm,,100
9,BA,SWAMP_2016_WS,RWB9_NPS_2017,RWB9 Nonperennial Stream Study 2017,RWQCB9,204R00711,Horsethief Canyon ~0.8mi above Pine Valley Cr.,3/28/2017,9:00,Habitat_SWAMP,SWAMP,combined methods,Sub Size and Comp,Base,Particulate Particle Size 10th (d10),SB_PP_D10,0.03,mm,,54
9,BA,SWAMP_2016_WS,R9_NS_Ambient_FY1819,RWB9 Ambient Surface Water Monitoring FY18/19,RWQCB9,204R00711,Horsethief Canyon ~0.8mi above Pine Valley Cr.,4/23/2019,9:00,Habitat_SWAMP,SWAMP,combined methods,Sub Size and Comp,Base,Particulate Particle Size 25th (d25),SB_PP_D25,2,mm,,100
9,BA,SWAMP_2016_WS,RWB9_NPS_2017,RWB9 Nonperennial Stream Study 2017,RWQCB9,204R00711,Horsethief Canyon ~0.8mi above Pine Valley Cr.,3/28/2017,9:00,Habitat_SWAMP,SWAMP,combined methods,Sub Size and Comp,Base,Particulate Particle Size 25th (d25),SB_PP_D25,3,mm,,54
9,BA,SWAMP_2016_WS,R9_NS_Ambient_FY1819,RWB9 Ambient Surface Water Monitoring FY18/19,RWQCB9,204R00711,Horsethief Canyon ~0.8mi above Pine Valley Cr.,4/23/2019,9:00,Habitat_SWAMP,SWAMP,combined methods,Sub Size and Comp,Base,Particulate Particle Size 75th (d75),SB_PP_D75,90,mm,,100
9,BA,SWAMP_2016_WS,RWB9_NPS_2017,RWB9 Nonperennial Stream Study 2017,RWQCB9,204R00711,Horsethief Canyon ~0.8mi above Pine Valley Cr.,3/28/2017,9:00,Habitat_SWAMP,SWAMP,combined methods,Sub Size and Comp,Base,Particulate Particle Size 75th (d75),SB_PP_D75,90,mm,,54
9,BA,SWAMP_2016_WS,R9_NS_Ambient_FY1819,RWB9 Ambient Surface Water Monitoring FY18/19,RWQCB9,204R00711,Horsethief Canyon ~0.8mi above Pine Valley Cr.,4/23/2019,9:00,Habitat_SWAMP,SWAMP,combined methods,Sub Size and Comp,Base,Particulate Particle Size 90th (d90),SB_PP_D90,220,mm,,100
9,BA,SWAMP_2016_WS,RWB9_NPS_2017,RWB9 Nonperennial Stream Study 2017,RWQCB9,204R00711,Horsethief Canyon ~0.8mi above Pine Valley Cr.,3/28/2017,9:00,Habitat_SWAMP,SWAMP,combined methods,Sub Size and Comp,Base,Particulate Particle Size 90th (d90),SB_PP_D90,190,mm,,54
9,BA,SWAMP_2016_WS,R9_NS_Ambient_FY1819,RWB9 Ambient Surface Water Monitoring FY18/19,RWQCB9,204R00711,Horsethief Canyon ~0.8mi above Pine Valley Cr.,4/23/2019,9:00,Habitat_SWAMP,SWAMP,combined methods,Sub Size and Comp,Base,Particulate Particle Size Median (d50),SB_PP_D50,20,mm,,100
9,BA,SWAMP_2016_WS,RWB9_NPS_2017,RWB9 Nonperennial Stream Study 2017,RWQCB9,204R00711,Horsethief Canyon ~0.8mi above Pine Valley Cr.,3/28/2017,9:00,Habitat_SWAMP,SWAMP,combined methods,Sub Size and Comp,Base,Particulate Particle Size Median (d50),SB_PP_D50,30,mm,,54
9,BA,SWAMP_2016_WS,R9_NS_Ambient_FY1819,RWB9 Ambient Surface Water Monitoring FY18/19,RWQCB9,204R00711,Horsethief Canyon ~0.8mi above Pine Valley Cr.,4/23/2019,9:00,Habitat_SWAMP,SWAMP,combined methods,Sub Size and Comp,Base,Percent Bedrock - rough,PCT_RR,4,%,,105
9,BA,SWAMP_2016_WS,RWB9_NPS_2017,RWB9 Nonperennial Stream Study 2017,RWQCB9,204R00711,Horsethief Canyon ~0.8mi above Pine Valley Cr.,3/28/2017,9:00,Habitat_SWAMP,SWAMP,combined methods,Sub Size and Comp,Base,Percent Bedrock - rough,PCT_RR,2,%,,55
9,BA,SWAMP_2016_WS,R9_NS_Ambient_FY1819,RWB9 Ambient Surface Water Monitoring FY18/19,RWQCB9,204R00711,Horsethief Canyon ~0.8mi above Pine Valley Cr.,4/23/2019,9:00,Habitat_SWAMP,SWAMP,combined methods,Sub Size and Comp,Base,Percent Bedrock - smooth,PCT_RS,0,%,,105
9,BA,SWAMP_2016_WS,RWB9_NPS_2017,RWB9 Nonperennial Stream Study 2017,RWQCB9,204R00711,Horsethief Canyon ~0.8mi above Pine Valley Cr.,3/28/2017,9:00,Habitat_SWAMP,SWAMP,combined methods,Sub Size and Comp,Base,Percent Bedrock - smooth,PCT_RS,0,%,,55
9,BA,SWAMP_2016_WS,R9_NS_Ambient_FY1819,RWB9 Ambient Surface Water Monitoring FY18/19,RWQCB9,204R00711,Horsethief Canyon ~0.8mi above Pine Valley Cr.,4/23/2019,9:00,Habitat_SWAMP,SWAMP,combined methods,Sub Size and Comp,Base,Percent Boulders - large,PCT_XB,0,%,,105
9,BA,SWAMP_2016_WS,RWB9_NPS_2017,RWB9 Nonperennial Stream Study 2017,RWQCB9,204R00711,Horsethief Canyon ~0.8mi above Pine Valley Cr.,3/28/2017,9:00,Habitat_SWAMP,SWAMP,combined methods,Sub Size and Comp,Base,Percent Boulders - large,PCT_XB,0,%,,55
9,BA,SWAMP_2016_WS,R9_NS_Ambient_FY1819,RWB9 Ambient Surface Water Monitoring FY18/19,RWQCB9,204R00711,Horsethief Canyon ~0.8mi above Pine Valley Cr.,4/23/2019,9:00,Habitat_SWAMP,SWAMP,combined methods,Sub Size and Comp,Base,Percent Boulders - small,PCT_SB,10,%,,105
9,BA,SWAMP_2016_WS,RWB9_NPS_2017,RWB9 Nonperennial Stream Study 2017,RWQCB9,204R00711,Horsethief Canyon ~0.8mi above Pine Valley Cr.,3/28/2017,9:00,Habitat_SWAMP,SWAMP,combined methods,Sub Size and Comp,Base,Percent Boulders - small,PCT_SB,7,%,,55
9,BA,SWAMP_2016_WS,R9_NS_Ambient_FY1819,RWB9 Ambient Surface Water Monitoring FY18/19,RWQCB9,204R00711,Horsethief Canyon ~0.8mi above Pine Valley Cr.,4/23/2019,9:00,Habitat_SWAMP,SWAMP,combined methods,Sub Size and Comp,Base,Percent Cobble,PCT_CB,23,%,,105
9,BA,SWAMP_2016_WS,RWB9_NPS_2017,RWB9 Nonperennial Stream Study 2017,RWQCB9,204R00711,Horsethief Canyon ~0.8mi above Pine Valley Cr.,3/28/2017,9:00,Habitat_SWAMP,SWAMP,combined methods,Sub Size and Comp,Base,Percent Cobble,PCT_CB,33,%,,55
9,BA,SWAMP_2016_WS,R9_NS_Ambient_FY1819,RWB9 Ambient Surface Water Monitoring FY18/19,RWQCB9,204R00711,Horsethief Canyon ~0.8mi above Pine Valley Cr.,4/23/2019,9:00,Habitat_SWAMP,SWAMP,combined methods,Sub Size and Comp,Base,Percent Concrete/Asphalt,PCT_RC,0,%,,105
9,BA,SWAMP_2016_WS,RWB9_NPS_2017,RWB9 Nonperennial Stream Study 2017,RWQCB9,204R00711,Horsethief Canyon ~0.8mi above Pine Valley Cr.,3/28/2017,9:00,Habitat_SWAMP,SWAMP,combined methods,Sub Size and Comp,Base,Percent Concrete/Asphalt,PCT_RC,0,%,,55
9,BA,SWAMP_2016_WS,R9_NS_Ambient_FY1819,RWB9 Ambient Surface Water Monitoring FY18/19,RWQCB9,204R00711,Horsethief Canyon ~0.8mi above Pine Valley Cr.,4/23/2019,9:00,Habitat_SWAMP,SWAMP,combined methods,Sub Size and Comp,Base,Percent Fines,PCT_FN,5,%,,105
9,BA,SWAMP_2016_WS,RWB9_NPS_2017,RWB9 Nonperennial Stream Study 2017,RWQCB9,204R00711,Horsethief Canyon ~0.8mi above Pine Valley Cr.,3/28/2017,9:00,Habitat_SWAMP,SWAMP,combined methods,Sub Size and Comp,Base,Percent Fines,PCT_FN,11,%,,55
9,BA,SWAMP_2016_WS,R9_NS_Ambient_FY1819,RWB9 Ambient Surface Water Monitoring FY18/19,RWQCB9,204R00711,Horsethief Canyon ~0.8mi above Pine Valley Cr.,4/23/2019,9:00,Habitat_SWAMP,SWAMP,combined methods,Sub Size and Comp,Base,Percent Gravel - coarse,PCT_GC,18,%,,105
9,BA,SWAMP_2016_WS,RWB9_NPS_2017,RWB9 Nonperennial Stream Study 2017,RWQCB9,204R00711,Horsethief Canyon ~0.8mi above Pine Valley Cr.,3/28/2017,9:00,Habitat_SWAMP,SWAMP,combined methods,Sub Size and Comp,Base,Percent Gravel - coarse,PCT_GC,18,%,,55
9,BA,SWAMP_2016_WS,R9_NS_Ambient_FY1819,RWB9 Ambient Surface Water Monitoring FY18/19,RWQCB9,204R00711,Horsethief Canyon ~0.8mi above Pine Valley Cr.,4/23/2019,9:00,Habitat_SWAMP,SWAMP,combined methods,Sub Size and Comp,Base,Percent Gravel - fine,PCT_GF,23,%,,105
9,BA,SWAMP_2016_WS,RWB9_NPS_2017,RWB9 Nonperennial Stream Study 2017,RWQCB9,204R00711,Horsethief Canyon ~0.8mi above Pine Valley Cr.,3/28/2017,9:00,Habitat_SWAMP,SWAMP,combined methods,Sub Size and Comp,Base,Percent Gravel - fine,PCT_GF,25,%,,55
9,BA,SWAMP_2016_WS,R9_NS_Ambient_FY1819,RWB9 Ambient Surface Water Monitoring FY18/19,RWQCB9,204R00711,Horsethief Canyon ~0.8mi above Pine Valley Cr.,4/23/2019,9:00,Habitat_SWAMP,SWAMP,combined methods,Sub Size and Comp,Base,Percent Hardpan,PCT_HP,0,%,,105
9,BA,SWAMP_2016_WS,RWB9_NPS_2017,RWB9 Nonperennial Stream Study 2017,RWQCB9,204R00711,Horsethief Canyon ~0.8mi above Pine Valley Cr.,3/28/2017,9:00,Habitat_SWAMP,SWAMP,combined methods,Sub Size and Comp,Base,Percent Hardpan,PCT_HP,0,%,,55
9,BA,SWAMP_2016_WS,R9_NS_Ambient_FY1819,RWB9 Ambient Surface Water Monitoring FY18/19,RWQCB9,204R00711,Horsethief Canyon ~0.8mi above Pine Valley Cr.,4/23/2019,9:00,Habitat_SWAMP,SWAMP,combined methods,Sub Size and Comp,Base,Percent Other Substrate,PCT_OT,0,%,,105
9,BA,SWAMP_2016_WS,RWB9_NPS_2017,RWB9 Nonperennial Stream Study 2017,RWQCB9,204R00711,Horsethief Canyon ~0.8mi above Pine Valley Cr.,3/28/2017,9:00,Habitat_SWAMP,SWAMP,combined methods,Sub Size and Comp,Base,Percent Other Substrate,PCT_OT,0,%,,55
9,BA,SWAMP_2016_WS,R9_NS_Ambient_FY1819,RWB9 Ambient Surface Water Monitoring FY18/19,RWQCB9,204R00711,Horsethief Canyon ~0.8mi above Pine Valley Cr.,4/23/2019,9:00,Habitat_SWAMP,SWAMP,combined methods,Sub Size and Comp,Base,Percent Sand,PCT_SA,17,%,,105
9,BA,SWAMP_2016_WS,RWB9_NPS_2017,RWB9 Nonperennial Stream Study 2017,RWQCB9,204R00711,Horsethief Canyon ~0.8mi above Pine Valley Cr.,3/28/2017,9:00,Habitat_SWAMP,SWAMP,combined methods,Sub Size and Comp,Base,Percent Sand,PCT_SA,4,%,,55
9,BA,SWAMP_2016_WS,R9_NS_Ambient_FY1819,RWB9 Ambient Surface Water Monitoring FY18/19,RWQCB9,204R00711,Horsethief Canyon ~0.8mi above Pine Valley Cr.,4/23/2019,9:00,Habitat_SWAMP,SWAMP,combined methods,Sub Size and Comp,Base,Percent Wood,PCT_WD,1,%,,105
9,BA,SWAMP_2016_WS,RWB9_NPS_2017,RWB9 Nonperennial Stream Study 2017,RWQCB9,204R00711,Horsethief Canyon ~0.8mi above Pine Valley Cr.,3/28/2017,9:00,Habitat_SWAMP,SWAMP,combined methods,Sub Size and Comp,Base,Percent Wood,PCT_WD,0,%,,55
9,BA,SWAMP_2016_WS,R9_NS_Ambient_FY1819,RWB9 Ambient Surface Water Monitoring FY18/19,RWQCB9,204R00711,Horsethief Canyon ~0.8mi above Pine Valley Cr.,4/23/2019,9:00,Habitat_SWAMP,SWAMP,combined methods,Sub Size and Comp,Base,Shannon Diversity (H) of Natural Substrate Types,H_SubNat,1.82,none,,8
9,BA,SWAMP_2016_WS,RWB9_NPS_2017,RWB9 Nonperennial Stream Study 2017,RWQCB9,204R00711,Horsethief Canyon ~0.8mi above Pine Valley Cr.,3/28/2017,9:00,Habitat_SWAMP,SWAMP,combined methods,Sub Size and Comp,Base,Shannon Diversity (H) of Natural Substrate Types,H_SubNat,1.65,none,,7
9,BA,SWAMP_2016_WS,RWB9_NPS_2017,RWB9 Nonperennial Stream Study 2017,RWQCB9,204R00711,Horsethief Canyon ~0.8mi above Pine Valley Cr.,3/28/2017,9:00,Habitat_SWAMP,SWAMP,Neutral Buoyant Object,Velocity and Discharge,Base,Flow Discharge - NBO (cfs),FL_N_F,2.239,cubic ft/s,,3
9,BA,SWAMP_2016_WS,RWB9_NPS_2017,RWB9 Nonperennial Stream Study 2017,RWQCB9,204R00711,Horsethief Canyon ~0.8mi above Pine Valley Cr.,3/28/2017,9:00,Habitat_SWAMP,SWAMP,Neutral Buoyant Object,Velocity and Discharge,Base,Flow Discharge - NBO (metric),FL_N_M,0.063,cubic m/s,,3
9,BA,SWAMP_2016_WS,R9_NS_Ambient_FY1819,RWB9 Ambient Surface Water Monitoring FY18/19,RWQCB9,204R00711,Horsethief Canyon ~0.8mi above Pine Valley Cr.,4/23/2019,9:00,Habitat_SWAMP,SWAMP,Velocity Area,Velocity and Discharge,Base,Flow Discharge (Q) (cfs),FL_Q_F,0.186,cubic ft/s,,3
9,BA,SWAMP_2016_WS,R9_NS_Ambient_FY1819,RWB9 Ambient Surface Water Monitoring FY18/19,RWQCB9,204R00711,Horsethief Canyon ~0.8mi above Pine Valley Cr.,4/23/2019,9:00,Habitat_SWAMP,SWAMP,Velocity Area,Velocity and Discharge,Base,Flow Discharge (Q) (metric),FL_Q_M,0.005,cubic m/s,,3
9,BA,SWAMP_2016_WS,R9_NS_Ambient_FY1819,RWB9 Ambient Surface Water Monitoring FY18/19,RWQCB9,204R00711,Horsethief Canyon ~0.8mi above Pine Valley Cr.,4/23/2019,9:00,Field,SWAMP,Velocity Area,Velocity and Discharge,Base,Maximum Water Velocity (ft/s),MWVM_F,0.4,ft/sec,,3
9,BA,SWAMP_2016_WS,R9_NS_Ambient_FY1819,RWB9 Ambient Surface Water Monitoring FY18/19,RWQCB9,204R00711,Horsethief Canyon ~0.8mi above Pine Valley Cr.,4/23/2019,9:00,Field,SWAMP,Velocity Area,Velocity and Discharge,Base,Maximum Water Velocity (m/s),MWVM_M,0.1,m/sec,,3
9,BA,SWAMP_2016_WS,R9_NS_Ambient_FY1819,RWB9 Ambient Surface Water Monitoring FY18/19,RWQCB9,204R00711,Horsethief Canyon ~0.8mi above Pine Valley Cr.,4/23/2019,9:00,Field,SWAMP,Velocity Area,Velocity and Discharge,Base,Mean Water Velocity (ft/s),XWV_F,0.28,ft/sec,0.106,3
9,BA,SWAMP_2016_WS,R9_NS_Ambient_FY1819,RWB9 Ambient Surface Water Monitoring FY18/19,RWQCB9,204R00711,Horsethief Canyon ~0.8mi above Pine Valley Cr.,4/23/2019,9:00,Field,SWAMP,Velocity Area,Velocity and Discharge,Base,Mean Water Velocity (m/s),XWV_M,0.08,m/sec,0.032,3
9,BA,SWAMP_2016_WS,R9_NS_Ambient_FY1819,RWB9 Ambient Surface Water Monitoring FY18/19,RWQCB9,204R00711,Horsethief Canyon ~0.8mi above Pine Valley Cr.,4/23/2019,9:00,Field,SWAMP,Velocity Area,Velocity and Discharge,Base,Percent Zero Velocity Measurements,PWVZ,0,%,,3
9,BA,SWAMP_2016_WS,R9_NS_Ambient_FY1819,RWB9 Ambient Surface Water Monitoring FY18/19,RWQCB9,204R00711,Horsethief Canyon ~0.8mi above Pine Valley Cr.,4/23/2019,9:00,Habitat_SWAMP,SWAMP,Complex,Chan Morph,Complex,Mean Cross-Sectional Area,XWXD,0.1,m2,,
9,BA,SWAMP_2016_WS,RWB9_NPS_2017,RWB9 Nonperennial Stream Study 2017,RWQCB9,204R00711,Horsethief Canyon ~0.8mi above Pine Valley Cr.,3/28/2017,9:00,Habitat_SWAMP,SWAMP,Complex,Chan Morph,Complex,Mean Cross-Sectional Area,XWXD,0.2,m2,,
9,BA,SWAMP_2016_WS,R9_NS_Ambient_FY1819,RWB9 Ambient Surface Water Monitoring FY18/19,RWQCB9,204R00711,Horsethief Canyon ~0.8mi above Pine Valley Cr.,4/23/2019,9:00,Habitat_SWAMP,SWAMP,Complex,Chan Morph,Complex,Mean Wetted Width/Depth Ratio,XWD_RAT,29.8,none,,
9,BA,SWAMP_2016_WS,RWB9_NPS_2017,RWB9 Nonperennial Stream Study 2017,RWQCB9,204R00711,Horsethief Canyon ~0.8mi above Pine Valley Cr.,3/28/2017,9:00,Habitat_SWAMP,SWAMP,Complex,Chan Morph,Complex,Mean Wetted Width/Depth Ratio,XWD_RAT,17,none,,
9,BA,SWAMP_2016_WS,R9_NS_Ambient_FY1819,RWB9 Ambient Surface Water Monitoring FY18/19,RWQCB9,204R00711,Horsethief Canyon ~0.8mi above Pine Valley Cr.,4/23/2019,9:00,Habitat_SWAMP,SWAMP,Complex,Chan Morph,Complex,Percent Fast Water of Reach,PCT_FAST,49,%,,4
9,BA,SWAMP_2016_WS,RWB9_NPS_2017,RWB9 Nonperennial Stream Study 2017,RWQCB9,204R00711,Horsethief Canyon ~0.8mi above Pine Valley Cr.,3/28/2017,9:00,Habitat_SWAMP,SWAMP,Complex,Chan Morph,Complex,Percent Fast Water of Reach,PCT_FAST,77,%,,4
9,BA,SWAMP_2016_WS,R9_NS_Ambient_FY1819,RWB9 Ambient Surface Water Monitoring FY18/19,RWQCB9,204R00711,Horsethief Canyon ~0.8mi above Pine Valley Cr.,4/23/2019,9:00,Habitat_SWAMP,SWAMP,Complex,Chan Morph,Complex,Percent Fast Water of Reach Wet Habitats,PCT_FAST_WT,49,%,,4
9,BA,SWAMP_2016_WS,RWB9_NPS_2017,RWB9 Nonperennial Stream Study 2017,RWQCB9,204R00711,Horsethief Canyon ~0.8mi above Pine Valley Cr.,3/28/2017,9:00,Habitat_SWAMP,SWAMP,Complex,Chan Morph,Complex,Percent Fast Water of Reach Wet Habitats,PCT_FAST_WT,77,%,,4
9,BA,SWAMP_2016_WS,R9_NS_Ambient_FY1819,RWB9 Ambient Surface Water Monitoring FY18/19,RWQCB9,204R00711,Horsethief Canyon ~0.8mi above Pine Valley Cr.,4/23/2019,9:00,Habitat_SWAMP,SWAMP,Complex,Chan Morph,Complex,Percent Slow Water of Reach,PCT_SLOW,52,%,,2
9,BA,SWAMP_2016_WS,RWB9_NPS_2017,RWB9 Nonperennial Stream Study 2017,RWQCB9,204R00711,Horsethief Canyon ~0.8mi above Pine Valley Cr.,3/28/2017,9:00,Habitat_SWAMP,SWAMP,Complex,Chan Morph,Complex,Percent Slow Water of Reach,PCT_SLOW,24,%,,2
9,BA,SWAMP_2016_WS,R9_NS_Ambient_FY1819,RWB9 Ambient Surface Water Monitoring FY18/19,RWQCB9,204R00711,Horsethief Canyon ~0.8mi above Pine Valley Cr.,4/23/2019,9:00,Habitat_SWAMP,SWAMP,Complex,Chan Morph,Complex,Percent Slow Water of Reach Wet Habitats,PCT_SLOW_WT,52,%,,2
9,BA,SWAMP_2016_WS,RWB9_NPS_2017,RWB9 Nonperennial Stream Study 2017,RWQCB9,204R00711,Horsethief Canyon ~0.8mi above Pine Valley Cr.,3/28/2017,9:00,Habitat_SWAMP,SWAMP,Complex,Chan Morph,Complex,Percent Slow Water of Reach Wet Habitats,PCT_SLOW_WT,24,%,,2
9,BA,SWAMP_2016_WS,R9_NS_Ambient_FY1819,RWB9 Ambient Surface Water Monitoring FY18/19,RWQCB9,204R00711,Horsethief Canyon ~0.8mi above Pine Valley Cr.,4/23/2019,9:00,Habitat_SWAMP,SWAMP,Complex,Hab Cmplx and Cvr,Complex,Big Shelters cover,XFC_BIG,20,%,,4
9,BA,SWAMP_2016_WS,RWB9_NPS_2017,RWB9 Nonperennial Stream Study 2017,RWQCB9,204R00711,Horsethief Canyon ~0.8mi above Pine Valley Cr.,3/28/2017,9:00,Habitat_SWAMP,SWAMP,Complex,Hab Cmplx and Cvr,Complex,Big Shelters cover,XFC_BIG,23.6,%,,4
9,BA,SWAMP_2016_WS,R9_NS_Ambient_FY1819,RWB9 Ambient Surface Water Monitoring FY18/19,RWQCB9,204R00711,Horsethief Canyon ~0.8mi above Pine Valley Cr.,4/23/2019,9:00,Habitat_SWAMP,SWAMP,Complex,Hab Cmplx and Cvr,Complex,Natural Shelter cover - EMAP,XFC_NAT_EMAP,60,%,,5
9,BA,SWAMP_2016_WS,RWB9_NPS_2017,RWB9 Nonperennial Stream Study 2017,RWQCB9,204R00711,Horsethief Canyon ~0.8mi above Pine Valley Cr.,3/28/2017,9:00,Habitat_SWAMP,SWAMP,Complex,Hab Cmplx and Cvr,Complex,Natural Shelter cover - EMAP,XFC_NAT_EMAP,41.1,%,,5
9,BA,SWAMP_2016_WS,R9_NS_Ambient_FY1819,RWB9 Ambient Surface Water Monitoring FY18/19,RWQCB9,204R00711,Horsethief Canyon ~0.8mi above Pine Valley Cr.,4/23/2019,9:00,Habitat_SWAMP,SWAMP,Complex,Hab Cmplx and Cvr,Complex,Natural Shelter cover - SWAMP,XFC_NAT_SWAMP,76.4,%,,7
9,BA,SWAMP_2016_WS,RWB9_NPS_2017,RWB9 Nonperennial Stream Study 2017,RWQCB9,204R00711,Horsethief Canyon ~0.8mi above Pine Valley Cr.,3/28/2017,9:00,Habitat_SWAMP,SWAMP,Complex,Hab Cmplx and Cvr,Complex,Natural Shelter cover - SWAMP,XFC_NAT_SWAMP,44.7,%,,7
9,BA,SWAMP_2016_WS,R9_NS_Ambient_FY1819,RWB9 Ambient Surface Water Monitoring FY18/19,RWQCB9,204R00711,Horsethief Canyon ~0.8mi above Pine Valley Cr.,4/23/2019,9:00,Habitat_SWAMP,SWAMP,Complex,Hab Cmplx and Cvr,Complex,Shelter Types Richness - EMAP,CFC_ALL_EMAP,6,count,,8
9,BA,SWAMP_2016_WS,RWB9_NPS_2017,RWB9 Nonperennial Stream Study 2017,RWQCB9,204R00711,Horsethief Canyon ~0.8mi above Pine Valley Cr.,3/28/2017,9:00,Habitat_SWAMP,SWAMP,Complex,Hab Cmplx and Cvr,Complex,Shelter Types Richness - EMAP,CFC_ALL_EMAP,7,count,,8
9,BA,SWAMP_2016_WS,R9_NS_Ambient_FY1819,RWB9 Ambient Surface Water Monitoring FY18/19,RWQCB9,204R00711,Horsethief Canyon ~0.8mi above Pine Valley Cr.,4/23/2019,9:00,Habitat_SWAMP,SWAMP,Complex,Hab Cmplx and Cvr,Complex,Shelter Types Richness - SWAMP,CFC_ALL_SWAMP,7,count,,9
9,BA,SWAMP_2016_WS,RWB9_NPS_2017,RWB9 Nonperennial Stream Study 2017,RWQCB9,204R00711,Horsethief Canyon ~0.8mi above Pine Valley Cr.,3/28/2017,9:00,Habitat_SWAMP,SWAMP,Complex,Hab Cmplx and Cvr,Complex,Shelter Types Richness - SWAMP,CFC_ALL_SWAMP,8,count,,9
9,BA,SWAMP_2016_WS,R9_NS_Ambient_FY1819,RWB9 Ambient Surface Water Monitoring FY18/19,RWQCB9,204R00711,Horsethief Canyon ~0.8mi above Pine Valley Cr.,4/23/2019,9:00,Habitat_SWAMP,SWAMP,Complex,Humn Dist,Complex,Agricultural Riparian Human Disturbance Index - EMAP,W1_HAG_EMAP,0,none,,2
9,BA,SWAMP_2016_WS,RWB9_NPS_2017,RWB9 Nonperennial Stream Study 2017,RWQCB9,204R00711,Horsethief Canyon ~0.8mi above Pine Valley Cr.,3/28/2017,9:00,Habitat_SWAMP,SWAMP,Complex,Humn Dist,Complex,Agricultural Riparian Human Disturbance Index - EMAP,W1_HAG_EMAP,0,none,,2
9,BA,SWAMP_2016_WS,R9_NS_Ambient_FY1819,RWB9 Ambient Surface Water Monitoring FY18/19,RWQCB9,204R00711,Horsethief Canyon ~0.8mi above Pine Valley Cr.,4/23/2019,9:00,Habitat_SWAMP,SWAMP,Complex,Humn Dist,Complex,Agricultural Riparian Human Disturbance Index - SWAMP,W1_HAG_SWAMP,0,none,,3
9,BA,SWAMP_2016_WS,RWB9_NPS_2017,RWB9 Nonperennial Stream Study 2017,RWQCB9,204R00711,Horsethief Canyon ~0.8mi above Pine Valley Cr.,3/28/2017,9:00,Habitat_SWAMP,SWAMP,Complex,Humn Dist,Complex,Agricultural Riparian Human Disturbance Index - SWAMP,W1_HAG_SWAMP,0,none,,3
9,BA,SWAMP_2016_WS,R9_NS_Ambient_FY1819,RWB9 Ambient Surface Water Monitoring FY18/19,RWQCB9,204R00711,Horsethief Canyon ~0.8mi above Pine Valley Cr.,4/23/2019,9:00,Habitat_SWAMP,SWAMP,Complex,Humn Dist,Complex,Combined Riparian Human Disturbance Index - EMAP,W1_HALL_EMAP,0,none,,11
9,BA,SWAMP_2016_WS,RWB9_NPS_2017,RWB9 Nonperennial Stream Study 2017,RWQCB9,204R00711,Horsethief Canyon ~0.8mi above Pine Valley Cr.,3/28/2017,9:00,Habitat_SWAMP,SWAMP,Complex,Humn Dist,Complex,Combined Riparian Human Disturbance Index - EMAP,W1_HALL_EMAP,0,none,,11
9,BA,SWAMP_2016_WS,R9_NS_Ambient_FY1819,RWB9 Ambient Surface Water Monitoring FY18/19,RWQCB9,FailGIS_PassPHAB,Horsethief Canyon ~0.8mi above Pine Valley Cr.,4/23/2019,9:00,Habitat_SWAMP,SWAMP,Complex,Humn Dist,Complex,Combined Riparian Human Disturbance Index - SWAMP,W1_HALL_SWAMP,0,none,,14
9,BA,SWAMP_2016_WS,RWB9_NPS_2017,RWB9 Nonperennial Stream Study 2017,RWQCB9,FailGIS_PassPHAB,Horsethief Canyon ~0.8mi above Pine Valley Cr.,3/28/2017,9:00,Habitat_SWAMP,SWAMP,Complex,Humn Dist,Complex,Combined Riparian Human Disturbance Index - SWAMP,W1_HALL_SWAMP,0,none,,14
9,BA,SWAMP_2016_WS,R9_NS_Ambient_FY1819,RWB9 Ambient Surface Water Monitoring FY18/19,RWQCB9,204R00711,Horsethief Canyon ~0.8mi above Pine Valley Cr.,4/23/2019,9:00,Habitat_SWAMP,SWAMP,Complex,Humn Dist,Complex,Non-Agricultural Riparian Human Disturbance Index - EMAP,W1_HNOAG_EMAP,0,none,,9
9,BA,SWAMP_2016_WS,RWB9_NPS_2017,RWB9 Nonperennial Stream Study 2017,RWQCB9,204R00711,Horsethief Canyon ~0.8mi above Pine Valley Cr.,3/28/2017,9:00,Habitat_SWAMP,SWAMP,Complex,Humn Dist,Complex,Non-Agricultural Riparian Human Disturbance Index - EMAP,W1_HNOAG_EMAP,0,none,,9
9,BA,SWAMP_2016_WS,R9_NS_Ambient_FY1819,RWB9 Ambient Surface Water Monitoring FY18/19,RWQCB9,204R00711,Horsethief Canyon ~0.8mi above Pine Valley Cr.,4/23/2019,9:00,Habitat_SWAMP,SWAMP,Complex,Humn Dist,Complex,Non-Agricultural Riparian Human Disturbance Index - SWAMP,W1_HNOAG_SWAMP,0,none,,11
9,BA,SWAMP_2016_WS,RWB9_NPS_2017,RWB9 Nonperennial Stream Study 2017,RWQCB9,204R00711,Horsethief Canyon ~0.8mi above Pine Valley Cr.,3/28/2017,9:00,Habitat_SWAMP,SWAMP,Complex,Humn Dist,Complex,Non-Agricultural Riparian Human Disturbance Index - SWAMP,W1_HNOAG_SWAMP,0,none,,11
9,BA,SWAMP_2016_WS,R9_NS_Ambient_FY1819,RWB9 Ambient Surface Water Monitoring FY18/19,RWQCB9,204R00711,Horsethief Canyon ~0.8mi above Pine Valley Cr.,4/23/2019,9:00,Habitat_SWAMP,SWAMP,Complex,Rip Veg Cvr and Str,Complex,Mean Lower (Mid-Layer) and Upper Canopy Cover,XCM,67,%,,2
9,BA,SWAMP_2016_WS,RWB9_NPS_2017,RWB9 Nonperennial Stream Study 2017,RWQCB9,204R00711,Horsethief Canyon ~0.8mi above Pine Valley Cr.,3/28/2017,9:00,Habitat_SWAMP,SWAMP,Complex,Rip Veg Cvr and Str,Complex,Mean Lower (Mid-Layer) and Upper Canopy Cover,XCM,51,%,,2
9,BA,SWAMP_2016_WS,R9_NS_Ambient_FY1819,RWB9 Ambient Surface Water Monitoring FY18/19,RWQCB9,204R00711,Horsethief Canyon ~0.8mi above Pine Valley Cr.,4/23/2019,9:00,Habitat_SWAMP,SWAMP,Complex,Rip Veg Cvr and Str,Complex,Mean Vegetation Ground Cover,XG,73,%,,2
9,BA,SWAMP_2016_WS,RWB9_NPS_2017,RWB9 Nonperennial Stream Study 2017,RWQCB9,204R00711,Horsethief Canyon ~0.8mi above Pine Valley Cr.,3/28/2017,9:00,Habitat_SWAMP,SWAMP,Complex,Rip Veg Cvr and Str,Complex,Mean Vegetation Ground Cover,XG,100,%,,2
9,BA,SWAMP_2016_WS,R9_NS_Ambient_FY1819,RWB9 Ambient Surface Water Monitoring FY18/19,RWQCB9,204R00711,Horsethief Canyon ~0.8mi above Pine Valley Cr.,4/23/2019,9:00,Habitat_SWAMP,SWAMP,Complex,Rip Veg Cvr and Str,Complex,Riparian Cover Sum of 3 Layers,XCMG,140,%,,4
9,BA,SWAMP_2016_WS,RWB9_NPS_2017,RWB9 Nonperennial Stream Study 2017,RWQCB9,204R00711,Horsethief Canyon ~0.8mi above Pine Valley Cr.,3/28/2017,9:00,Habitat_SWAMP,SWAMP,Complex,Rip Veg Cvr and Str,Complex,Riparian Cover Sum of 3 Layers,XCMG,151,%,,4
9,BA,SWAMP_2016_WS,R9_NS_Ambient_FY1819,RWB9 Ambient Surface Water Monitoring FY18/19,RWQCB9,204R00711,Horsethief Canyon ~0.8mi above Pine Valley Cr.,4/23/2019,9:00,Habitat_SWAMP,SWAMP,Complex,Rip Veg Cvr and Str,Complex,Riparian Woody Cover Sum of 3 Layers,XCMGW,83,%,,3
9,BA,SWAMP_2016_WS,RWB9_NPS_2017,RWB9 Nonperennial Stream Study 2017,RWQCB9,204R00711,Horsethief Canyon ~0.8mi above Pine Valley Cr.,3/28/2017,9:00,Habitat_SWAMP,SWAMP,Complex,Rip Veg Cvr and Str,Complex,Riparian Woody Cover Sum of 3 Layers,XCMGW,63,%,,3
9,BA,SWAMP_2016_WS,R9_NS_Ambient_FY1819,RWB9 Ambient Surface Water Monitoring FY18/19,RWQCB9,204R00711,Horsethief Canyon ~0.8mi above Pine Valley Cr.,4/23/2019,9:00,Habitat_SWAMP,SWAMP,Complex,Sub Size and Comp,Complex,Percent Boulders - large & small,PCT_BL,10,%,,2
9,BA,SWAMP_2016_WS,RWB9_NPS_2017,RWB9 Nonperennial Stream Study 2017,RWQCB9,204R00711,Horsethief Canyon ~0.8mi above Pine Valley Cr.,3/28/2017,9:00,Habitat_SWAMP,SWAMP,Complex,Sub Size and Comp,Complex,Percent Boulders - large & small,PCT_BL,7,%,,2
9,BA,SWAMP_2016_WS,R9_NS_Ambient_FY1819,RWB9 Ambient Surface Water Monitoring FY18/19,RWQCB9,204R00711,Horsethief Canyon ~0.8mi above Pine Valley Cr.,4/23/2019,9:00,Habitat_SWAMP,SWAMP,Complex,Sub Size and Comp,Complex,Percent Large Boulder + Bedrock + Concrete,PCT_LBBC,4,%,,4
9,BA,SWAMP_2016_WS,RWB9_NPS_2017,RWB9 Nonperennial Stream Study 2017,RWQCB9,204R00711,Horsethief Canyon ~0.8mi above Pine Valley Cr.,3/28/2017,9:00,Habitat_SWAMP,SWAMP,Complex,Sub Size and Comp,Complex,Percent Large Boulder + Bedrock + Concrete,PCT_LBBC,2,%,,4
9,BA,SWAMP_2016_WS,R9_NS_Ambient_FY1819,RWB9 Ambient Surface Water Monitoring FY18/19,RWQCB9,204R00711,Horsethief Canyon ~0.8mi above Pine Valley Cr.,4/23/2019,9:00,Habitat_SWAMP,SWAMP,Complex,Sub Size and Comp,Complex,Percent Substrate as Bedrock,PCT_BDRK,4,%,,2
9,BA,SWAMP_2016_WS,RWB9_NPS_2017,RWB9 Nonperennial Stream Study 2017,RWQCB9,204R00711,Horsethief Canyon ~0.8mi above Pine Valley Cr.,3/28/2017,9:00,Habitat_SWAMP,SWAMP,Complex,Sub Size and Comp,Complex,Percent Substrate as Bedrock,PCT_BDRK,2,%,,2
9,BA,SWAMP_2016_WS,R9_NS_Ambient_FY1819,RWB9 Ambient Surface Water Monitoring FY18/19,RWQCB9,204R00711,Horsethief Canyon ~0.8mi above Pine Valley Cr.,4/23/2019,9:00,Habitat_SWAMP,SWAMP,Complex,Sub Size and Comp,Complex,Percent Substrate Fine Gravel or Smaller (<16 mm),PCT_SFGF,45,%,,3
9,BA,SWAMP_2016_WS,RWB9_NPS_2017,RWB9 Nonperennial Stream Study 2017,RWQCB9,204R00711,Horsethief Canyon ~0.8mi above Pine Valley Cr.,3/28/2017,9:00,Habitat_SWAMP,SWAMP,Complex,Sub Size and Comp,Complex,Percent Substrate Fine Gravel or Smaller (<16 mm),PCT_SFGF,40,%,,3
9,BA,SWAMP_2016_WS,R9_NS_Ambient_FY1819,RWB9 Ambient Surface Water Monitoring FY18/19,RWQCB9,204R00711,Horsethief Canyon ~0.8mi above Pine Valley Cr.,4/23/2019,9:00,Habitat_SWAMP,SWAMP,Complex,Sub Size and Comp,Complex,Percent Substrate Larger than Fine Gravel  (>16 mm),PCT_BIGR,55,%,,6
9,BA,SWAMP_2016_WS,RWB9_NPS_2017,RWB9 Nonperennial Stream Study 2017,RWQCB9,204R00711,Horsethief Canyon ~0.8mi above Pine Valley Cr.,3/28/2017,9:00,Habitat_SWAMP,SWAMP,Complex,Sub Size and Comp,Complex,Percent Substrate Larger than Fine Gravel  (>16 mm),PCT_BIGR,60,%,,6
9,BA,SWAMP_2016_WS,R9_NS_Ambient_FY1819,RWB9 Ambient Surface Water Monitoring FY18/19,RWQCB9,204R00711,Horsethief Canyon ~0.8mi above Pine Valley Cr.,4/23/2019,9:00,Habitat_SWAMP,SWAMP,Complex,Sub Size and Comp,Complex,Percent Substrate Smaller than Sand (<2 mm),PCT_SAFN,22,%,,2
9,BA,SWAMP_2016_WS,RWB9_NPS_2017,RWB9 Nonperennial Stream Study 2017,RWQCB9,204R00711,Horsethief Canyon ~0.8mi above Pine Valley Cr.,3/28/2017,9:00,Habitat_SWAMP,SWAMP,Complex,Sub Size and Comp,Complex,Percent Substrate Smaller than Sand (<2 mm),PCT_SAFN,15,%,,2
9,BA,SWAMP_2016_WS,R9_NS_Ambient_FY1819,RWB9 Ambient Surface Water Monitoring FY18/19,RWQCB9,204R00711,Horsethief Canyon ~0.8mi above Pine Valley Cr.,4/23/2019,9:00,Habitat_SWAMP,SNARL,Complex,Humn Dist,Complex,Non-Agricultural Riparian Human Disturbance Index - SNARL,W1_HNOAG_SNARL,0,none,,11
9,BA,SWAMP_2016_WS,RWB9_NPS_2017,RWB9 Nonperennial Stream Study 2017,RWQCB9,204R00711,Horsethief Canyon ~0.8mi above Pine Valley Cr.,3/28/2017,9:00,Habitat_SWAMP,SNARL,Complex,Humn Dist,Complex,Non-Agricultural Riparian Human Disturbance Index - SNARL,W1_HNOAG_SNARL,0,none,,11
9,BA,SWAMP_2016_WS,RWB9_NPS_2017,RWB9 Nonperennial Stream Study 2017,RWQCB9,FailGIS_FailPHAB,Horsethief Canyon ~0.8mi above Pine Valley Cr.,3/28/2017,9:00,Habitat_SWAMP,SWAMP,Complex,Humn Dist,Complex,Combined Riparian Human Disturbance Index - SWAMP,W1_HALL_SWAMP,3,none,,
9,BA,SWAMP_2016_WS,RWB9_NPS_2017,RWB9 Nonperennial Stream Study 2017,RWQCB9,FailGIS_FailPHAB,Horsethief Canyon ~0.8mi above Pine Valley Cr.,3/28/2018,9:00,Habitat_SWAMP,SWAMP,Complex,Humn Dist,Complex,Combined Riparian Human Disturbance Index - SWAMP,W1_HALL_SWAMP,1,none,,
9,BA,SWAMP_2016_WS,RWB9_NPS_2017,RWB9 Nonperennial Stream Study 2017,RWQCB9,PassGIS_FailPHAB,Horsethief Canyon ~0.8mi above Pine Valley Cr.,3/28/2018,9:00,Habitat_SWAMP,SWAMP,Complex,Humn Dist,Complex,Combined Riparian Human Disturbance Index - SWAMP,W1_HALL_SWAMP,5,none,,
9,BA,SWAMP_2016_WS,RWB9_NPS_2017,RWB9 Nonperennial Stream Study 2017,RWQCB9,PassGIS_PassPHAB,Horsethief Canyon ~0.8mi above Pine Valley Cr.,3/28/2018,9:00,Habitat_SWAMP,SWAMP,Complex,Humn Dist,Complex,Combined Riparian Human Disturbance Index - SWAMP,W1_HALL_SWAMP,1,none,,
